Pair_ID,Drug,Active,DrugBank_ID,PubChem_CID,OrigYear,NewIndication,MONDO_ID,MeSH_ID,DOID_ID,Agencies,TA,TA_simplified,StrictRepurposing,Drug_Pre2023,YearSet,ID_Flag,n_present,primekg_drug,drkg_drug,biokg_drug,dkey,leaked,unresolvable,in234,in116,covered,drug_anyKG
1,Tukysa,tucatinib,DB11652,51039094,2020,RAS wild-type HER2+ metastatic colorectal cancer,MONDO:0024331,D015179,DOID:0080199,FDA,Oncology,Oncology,True,True,2023,complete,3,True,True,True,DB11652|d|80199,False,False,True,True,True,True
2,Brukinsa,zanubrutinib,DB15035,135565884,2019,Chronic lymphocytic leukemia,MONDO:0004948,D015451,DOID:1040,FDA,Oncology,Oncology,True,True,2023,complete,3,True,True,True,DB15035|d|1040,False,False,True,True,True,True
3,Keytruda,pembrolizumab,DB09037,,2014,Adjuvant NSCLC (stage IB-IIIA),MONDO:0005233,D002289,DOID:3908,"FDA, EMA",Oncology,Oncology,True,True,2023,missing_PubChem,3,True,True,True,DB09037|d|3908,True,False,True,False,True,True
4,Trodelvy,sacituzumab govitecan,DB12893,,2020,HR+/HER2- metastatic breast cancer,MONDO:0007254,D000072656,DOID:1612,FDA,Oncology,Oncology,True,True,2023,missing_PubChem,2,True,True,True,DB12893|d|1612,False,False,True,True,True,True
5,Eylea,aflibercept,DB08885,,2011,Retinopathy of prematurity,MONDO:0006952,D012178,DOID:13025,FDA,Ophthalmology,Ophthalmology,True,True,2023,missing_PubChem,3,True,True,True,DB08885|d|13025,False,False,True,True,True,True
6,Jemperli,dostarlimab,DB15627,,2021,dMMR recurrent/advanced endometrial cancer,MONDO:0011962,D016889,DOID:1380,FDA,Oncology,Oncology,True,True,2023,missing_PubChem,1,True,False,False,DB15627|d|1380,False,False,True,True,True,True
7,Kevzara,sarilumab,DB11767,,2017,Polymyalgia rheumatica,MONDO:0019735,D011111,DOID:853,FDA,Immunology,Immunology,True,True,2023,missing_PubChem,3,True,True,True,DB11767|d|853,False,False,True,True,True,True
8,Verzenio,abemaciclib,DB12001,46220502,2017,HR+/HER2- node-positive high-risk early breast cancer,MONDO:0007254,D000072656,DOID:1612,FDA,Oncology,Oncology,True,True,2023,complete,2,True,True,True,DB12001|d|1612,False,False,True,True,True,True
9,Tafinlar+Mekinist,dabrafenib+trametinib,"DB08912,DB08911","44462760,11707110",2014,Pediatric BRAF V600E low-grade glioma,MONDO:0021637,,DOID:0060101,FDA,Oncology,Oncology,True,True,2023,missing_MeSH,0,False,False,False,"DB08912,DB08911|d|60101",False,False,True,False,False,False
10,Evkeeza,evinacumab,DB15354,,2021,HoFH in children,MONDO:0018328,D000090542,DOID:0090105,FDA,Metabolic,Metabolic,True,True,2023,missing_PubChem,1,True,True,True,DB15354|d|90105,False,False,True,True,True,True
11,Keytruda,pembrolizumab,DB09037,,2014,MSI-H/dMMR solid tumors (full approval conversion),MONDO:0004198,D066066,DOID:7360,FDA,Oncology,Oncology,False,True,2023,missing_PubChem,2,True,True,True,DB09037|d|7360,False,False,True,True,True,True
12,Keytruda+Padcev,pembrolizumab+enfortumab vedotin,"DB09037,DB13007",",",2014,1L locally advanced/metastatic urothelial cancer,MONDO:0040679,D001749,DOID:4006,FDA,Oncology,Oncology,True,True,2023,missing_PubChem,0,False,False,False,"DB09037,DB13007|d|4006",False,False,True,False,False,False
13,Qulipta,atogepant,DB16098,72163100,2021,Chronic migraine,MONDO:0043537,D003027,DOID:6364,FDA,CNS,CNS,True,True,2023,complete,0,False,False,False,DB16098|d|6364,False,False,True,False,False,False
14,Trikafta,elexacaftor/tezacaftor/ivacaftor+ivacaftor,"DB15444,DB11712,DB08820,DB08820","134587348,46199646,16220172,16220172",2019,CF in children ages 2-5,MONDO:0009061,D003550,DOID:1485,FDA,Respiratory,Respiratory,False,True,2023,complete,0,False,False,False,"DB15444,DB11712,DB08820,DB08820|d|1485",False,False,True,False,False,False
15,Farxiga,dapagliflozin,DB06292,9887712,2014,Heart failure (broadened),MONDO:0005252,D006333,SYMP:0000292,FDA,Cardiovascular,Cardiovascular,True,True,2023,complete,3,True,True,True,DB06292|d|292,False,False,True,True,True,True
16,Rexulti,brexpiprazole,DB09128,11978813,2015,Agitation associated with Alzheimer's dementia,MONDO:0004975,D000544,DOID:10652,FDA,CNS,CNS,True,True,2023,complete,3,True,True,True,DB09128|d|10652,False,False,True,True,True,True
17,Rinvoq,upadacitinib,DB15091,58557659,2019,Crohn's disease,MONDO:0005011,D003424,DOID:8778,FDA,Immunology,Immunology,True,True,2023,complete,3,True,True,True,DB15091|d|8778,False,False,True,True,True,True
18,Ayvakit,avapritinib,DB15233,118023034,2020,Indolent systemic mastocytosis,MONDO:0016586,D034721,DOID:349,FDA,Hematology,Hematology,True,True,2023,complete,2,True,False,True,DB15233|d|349,False,False,True,True,True,True
19,Lynparza,olaparib,DB09074,23725625,2014,BRCA-mutated mCRPC (+abiraterone),MONDO:0008315,D011471,DOID:10283,FDA,Oncology,Oncology,True,True,2023,complete,3,True,True,True,DB09074|d|10283,True,False,True,False,True,True
20,Prevymis,letermovir,DB12070,45138674,2017,CMV disease prevention in kidney transplant recipients,MONDO:0005132,D003586,DOID:0080827,FDA,Infectious,Infectious,True,True,2023,complete,3,True,True,True,DB12070|d|80827,True,False,True,False,True,True
21,Talzenna+Xtandi,talazoparib+enzalutamide,"DB11760,DB08899","135565082,15951529",2018,HRR gene-mutated mCRPC,MONDO:0008315,D011471,DOID:10283,FDA,Oncology,Oncology,True,True,2023,complete,0,False,False,False,"DB11760,DB08899|d|10283",False,False,True,False,False,False
22,Blincyto,blinatumomab,DB09052,,2014,MRD+ B-cell precursor ALL (full approval),MONDO:0004967,D054198,DOID:9952,FDA,Oncology,Oncology,True,True,2023,missing_PubChem,3,True,True,True,DB09052|d|9952,True,False,True,False,True,True
23,Jardiance,empagliflozin,DB09038,11949646,2014,Type 2 diabetes in children 10+,MONDO:0005148,D003924,DOID:9352,FDA,Metabolic,Metabolic,False,True,2023,complete,3,True,True,True,DB09038|d|9352,True,False,True,False,True,True
24,Veklury,remdesivir,DB14761,121304016,2020,COVID-19 in severe renal impairment/dialysis,MONDO:0100320,D000086382,DOID:0080599,FDA,Infectious,Infectious,False,True,2023,complete,1,True,False,True,DB14761|d|80599,False,False,True,True,True,True
25,Jemperli,dostarlimab,DB15627,,2021,dMMR/MSI-H primary advanced endometrial cancer (+chemo),MONDO:0011962,D016889,DOID:1380,FDA,Oncology,Oncology,True,True,2023,missing_PubChem,1,True,False,False,DB15627|d|1380,False,False,True,True,True,True
26,Lonsurf+Avastin,trifluridine/tipiracil+bevacizumab,"DB00432,DB02631,DB00112","6256,6323266,",2015,Metastatic colorectal cancer,MONDO:0024331,D015179,DOID:0080199,FDA,Oncology,Oncology,True,True,2023,partial_PubChem,0,False,False,False,"DB00432,DB02631,DB00112|d|80199",False,False,True,False,False,False
27,Gavreto,pralsetinib,DB15822,129073603,2020,NSCLC with RET gene fusions (regular approval),MONDO:0005233,D002289,DOID:3908,FDA,Oncology,Oncology,True,True,2023,complete,0,False,False,False,DB15822|d|3908,False,False,True,False,False,False
28,Ingrezza,valbenazine,DB11915,24795069,2017,Chorea associated with Huntington's disease,MONDO:0007739,D006816,DOID:12858,FDA,CNS,CNS,True,True,2023,complete,3,True,True,True,DB11915|d|12858,False,False,True,True,True,True
29,Reblozyl,luspatercept,DB12281,,2019,First-line anemia in lower-risk MDS,MONDO:0018881,D009190,DOID:0050908,FDA,Hematology,Hematology,True,True,2023,missing_PubChem,3,True,True,True,DB12281|d|50908,False,False,True,True,True,True
30,Bosulif,bosutinib,DB06616,5328940,2012,Pediatric Ph+ CML-CP,MONDO:0011996,D015464,DOID:0081088,FDA,Oncology,Oncology,True,True,2023,complete,3,True,True,True,DB06616|d|81088,True,False,True,False,True,True
31,Entyvio,vedolizumab,DB09033,,2014,Subcutaneous maintenance UC,MONDO:0005101,D003093,DOID:8577,FDA,Immunology/GI,Immunology,False,True,2023,missing_PubChem,3,True,True,True,DB09033|d|8577,True,False,True,False,True,True
32,Cosentyx,secukinumab,DB09029,,2015,Hidradenitis suppurativa,MONDO:0006559,D017497,DOID:2280,FDA,Immunology/Dermatology,Immunology,True,True,2023,missing_PubChem,3,True,True,True,DB09029|d|2280,False,False,True,True,True,True
33,Braftovi+Mektovi,encorafenib+binimetinib,"DB11718,DB11967","50922675,10288191",2018,BRAF V600E metastatic NSCLC,MONDO:0005233,D002289,DOID:3908,FDA,Oncology,Oncology,True,True,2023,complete,0,False,False,False,"DB11718,DB11967|d|3908",False,False,True,False,False,False
34,Opdivo,nivolumab,DB09035,,2014,Adjuvant stage IIB/IIC melanoma,MONDO:0005105,D008545,DOID:1909,FDA,Oncology,Oncology,True,True,2023,missing_PubChem,3,True,True,True,DB09035|d|1909,True,False,True,False,True,True
35,Keytruda,pembrolizumab,DB09037,,2014,Neoadj+adj resectable NSCLC,MONDO:0005233,D002289,DOID:3908,FDA,Oncology,Oncology,True,True,2023,missing_PubChem,3,True,True,True,DB09037|d|3908,True,False,True,False,True,True
36,Rozlytrek,entrectinib,DB11986,25141092,2019,Pediatric NTRK fusion solid tumors,MONDO:0004198,D066066,DOID:7360,FDA,Oncology,Oncology,True,True,2023,complete,2,True,True,True,DB11986|d|7360,True,False,True,False,True,True
37,Tibsovo,ivosidenib,DB14568,71657455,2018,IDH1-mutated relapsed/refractory MDS,MONDO:0018881,D009190,DOID:0050908,FDA,Oncology,Oncology,True,True,2023,complete,3,True,True,True,DB14568|d|50908,False,False,True,True,True,True
38,Vabysmo,faricimab,DB15303,,2022,Retinal vein occlusion,MONDO:0006951,D012170,DOID:1727,FDA,Ophthalmology,Ophthalmology,True,True,2023,missing_PubChem,1,True,False,False,DB15303|d|1727,False,False,True,True,True,True
39,Keytruda,pembrolizumab,DB09037,,2014,1L biliary tract cancer (+gemcitabine+cisplatin),MONDO:0003060,D001661,DOID:4607,FDA,Oncology,Oncology,True,True,2023,missing_PubChem,3,True,True,True,DB09037|d|4607,False,False,True,True,True,True
40,Xtandi,enzalutamide,DB08899,15951529,2012,Non-metastatic castration-sensitive prostate cancer with BCR,MONDO:0008315,D011471,DOID:10283,FDA,Oncology,Oncology,True,True,2023,complete,3,True,True,True,DB08899|d|10283,True,False,True,False,True,True
41,Keytruda,pembrolizumab,DB09037,,2014,1L HER2- gastric/GEJ adenocarcinoma (+chemo),MONDO:0005036,D013274,DOID:3717,FDA,Oncology,Oncology,True,True,2023,missing_PubChem,3,True,True,True,DB09037|d|3717,True,False,True,False,True,True
42,Welireg,belzutifan,DB15463,117947097,2021,Advanced RCC after PD-1/PD-L1 + VEGF-TKI,MONDO:0005086,D002292,DOID:4450,FDA,Oncology,Oncology,True,True,2023,complete,3,True,True,True,DB15463|d|4450,False,False,True,True,True,True
43,Padcev+Keytruda,enfortumab vedotin+pembrolizumab,"DB13007,DB09037",",",2019,Advanced bladder cancer (1L+ later lines),MONDO:0004986,D001749,DOID:4007,FDA,Oncology,Oncology,True,True,2023,missing_PubChem,0,False,False,False,"DB13007,DB09037|d|4007",False,False,True,False,False,False
44,Yescarta,axicabtagene ciloleucel,,,2017,2L+ DLBCL (expanded),MONDO:0018905,D016403,DOID:0050745,FDA,Oncology,Oncology,True,True,2023,missing_DrugBank|missing_PubChem,0,False,False,False,nan|d|50745,False,True,False,False,False,False
45,Cresemba,isavuconazonium sulfate,DB06636,72196309,2015,Pediatric invasive aspergillosis/mucormycosis,MONDO:0000240,,DOID:0050073,FDA,Infectious,Infectious,True,True,2023,missing_MeSH,1,True,True,True,DB06636|d|50073,True,False,True,False,True,True
46,Lodoco,colchicine,DB08117,6167,2009,Cardiovascular risk reduction (first anti-inflammatory CV drug),MONDO:0004995,D002318,DOID:1287,FDA,Cardiovascular,Cardiovascular,True,True,2023,complete,0,False,False,False,DB08117|d|1287,False,False,True,False,False,False
47,Akeega,niraparib+abiraterone acetate,"DB11793,DB05812","24958200,9821849",2017,BRCA-mutated mCRPC,MONDO:0008315,D011471,DOID:10283,FDA,Oncology,Oncology,True,True,2023,complete,0,False,False,False,"DB11793,DB05812|d|10283",False,False,True,False,False,False
48,Injectafer,ferric carboxymaltose,DB08917,,2013,Iron deficiency in heart failure,MONDO:0001356,D018798,DOID:11758,FDA,Cardiovascular,Cardiovascular,True,True,2023,missing_PubChem,3,True,True,True,DB08917|d|11758,True,False,True,False,True,True
49,Bylvay,odevixibat,DB16261,10153627,2021,Alagille syndrome cholestatic pruritus,MONDO:0007318,D016738,DOID:9245,FDA,GI/Metabolic,GI/Metabolic,True,True,2023,complete,0,False,False,False,DB16261|d|9245,False,False,True,False,False,False
50,Linzess,linaclotide,DB08890,16158208,2012,Functional constipation in pediatric patients 6-17,MONDO:0005052,D043183,DOID:9778,FDA,GI,GI,False,True,2023,complete,3,True,True,True,DB08890|d|9778,True,False,True,False,True,True
51,Zoryve,roflumilast,DB01656,449193,2011,Psoriasis in children 6-11 (cream),MONDO:0005083,D011565,DOID:8893,FDA,Dermatology,Immunology,False,True,2023,complete,3,True,True,True,DB01656|d|8893,False,False,True,True,True,True
52,Adbry,tralokinumab,,,2021,Atopic dermatitis pediatric 12-17,MONDO:0011596,C565293,DOID:0110098,FDA,Immunology/Dermatology,Immunology,False,True,2023,missing_DrugBank|missing_PubChem,0,False,False,False,nan|d|110098,False,True,False,False,False,False
53,Cibinqo,abrocitinib,DB14973,78323835,2021,Adolescent atopic dermatitis,MONDO:0011596,C565293,DOID:0110098,FDA,Immunology/Dermatology,Immunology,False,True,2023,complete,0,False,True,False,DB14973|d|110098,False,False,True,False,False,True
54,Leqvio,inclisiran,DB14901,,2021,High LDL-C with increased CV risk (expanded),MONDO:0005439,C566331,DOID:13810,FDA,Cardiovascular,Cardiovascular,False,True,2023,missing_PubChem,1,True,False,False,DB14901|d|13810,False,False,True,True,True,True
55,Jardiance,empagliflozin,DB09038,11949646,2014,Chronic kidney disease,MONDO:0005300,D007676,DOID:784,FDA,Cardiovascular/Nephrology,Cardiovascular,True,True,2023,complete,3,True,True,True,DB09038|d|784,False,False,True,True,True,True
56,Keytruda,pembrolizumab,DB09037,,2014,1L HER2+ gastric/GEJ adenocarcinoma (+trastuzumab+chemo),MONDO:0005036,D013274,DOID:3717,EMA,Oncology,Oncology,True,True,2023,missing_PubChem,3,True,True,True,DB09037|d|3717,True,False,True,False,True,True
57,Opdivo,nivolumab,DB09035,,2015,Adjuvant melanoma (stage IIB/IIC),MONDO:0005105,D008545,DOID:1909,EMA,Oncology,Oncology,True,True,2023,missing_PubChem,3,True,True,True,DB09035|d|1909,True,False,True,False,True,True
58,Opdivo,nivolumab,DB09035,,2015,Urothelial carcinoma (1L metastatic),MONDO:0040679,D001749,DOID:4006,EMA,Oncology,Oncology,True,True,2023,missing_PubChem,3,True,True,True,DB09035|d|4006,True,False,True,False,True,True
59,Olumiant,baricitinib,DB11817,44205240,2017,Atopic dermatitis,MONDO:0011596,C565293,DOID:0110098,EMA,Immunology/Dermatology,Immunology,True,True,2023,complete,2,True,True,True,DB11817|d|110098,False,False,True,True,True,True
60,Brukinsa,zanubrutinib,DB15035,135565884,2019,Follicular lymphoma (+obinutuzumab),MONDO:0018906,D008224,DOID:0050873,EMA,Oncology,Oncology,True,True,2023,complete,3,True,True,True,DB15035|d|50873,False,False,True,True,True,True
61,Imfinzi,durvalumab,DB11714,,2017,Gastric/GEJ adenocarcinoma (1L +chemo),MONDO:0005036,D013274,DOID:3717,EMA,Oncology,Oncology,True,True,2023,missing_PubChem,3,True,True,True,DB11714|d|3717,False,False,True,True,True,True
62,Jemperli,dostarlimab,DB15627,,2021,dMMR/MSI-H primary advanced endometrial cancer,MONDO:0011962,D016889,DOID:1380,EMA,Oncology,Oncology,True,True,2023,missing_PubChem,1,True,False,False,DB15627|d|1380,False,False,True,True,True,True
63,Praluent,alirocumab,DB09302,,2015,Heterozygous familial hypercholesterolemia,MONDO:0005439,D000090542,DOID:13810,EMA,Cardiovascular,Cardiovascular,False,True,2023,missing_PubChem,1,True,True,True,DB09302|d|13810,True,False,True,True,True,True
64,Prevymis,letermovir,DB12070,45138674,2017,CMV prophylaxis in kidney transplant,MONDO:0005132,D003586,DOID:0080827,EMA,Infectious,Infectious,True,True,2023,complete,3,True,True,True,DB12070|d|80827,True,False,True,False,True,True
65,Rubraca,rucaparib,DB12332,9931954,2018,"Ovarian cancer (maintenance, 2L+)",MONDO:0008170,D010051,DOID:2394,EMA,Oncology,Oncology,True,True,2023,complete,3,True,True,True,DB12332|d|2394,True,False,True,False,True,True
66,Soliris,eculizumab,DB01257,,2007,Pediatric generalized myasthenia gravis,MONDO:0018324,D009157,DOID:437,EMA,Immunology/Neurology,Immunology,True,True,2023,missing_PubChem,3,True,True,True,DB01257|d|437,True,False,True,False,True,True
67,Takhzyro,lanadelumab,DB14597,,2018,HAE prevention in children 2+,MONDO:0019623,D054179,DOID:14735,EMA,Immunology,Immunology,False,True,2023,missing_PubChem,3,True,True,True,DB14597|d|14735,True,False,True,False,True,True
68,Jardiance,empagliflozin,DB09038,11949646,2014,T2D in children 10+ (EMA),MONDO:0005148,D003924,DOID:9352,EMA,Metabolic,Metabolic,False,True,2023,complete,3,True,True,True,DB09038|d|9352,True,False,True,False,True,True
69,Mounjaro,tirzepatide,DB15171,166567236,2022,Obstructive sleep apnea with obesity,MONDO:0007147,D020181,DOID:0050848,EMA,Metabolic/Respiratory,Metabolic,True,True,2023,complete,3,True,True,True,DB15171|d|50848,False,False,True,True,True,True
70,Talzenna,talazoparib,DB11760,135565082,2018,HR+/HER2- metastatic breast cancer,MONDO:0007254,D000072656,DOID:1612,EMA,Oncology,Oncology,True,True,2023,complete,2,True,True,True,DB11760|d|1612,False,False,True,True,True,True
71,Evrysdi,risdiplam,DB15305,118513932,2020,Spinal muscular atrophy (pediatric expansion),MONDO:0001516,D009134,DOID:12377,EMA,CNS,CNS,False,True,2023,complete,1,True,False,False,DB15305|d|12377,False,False,True,True,True,True
72,Bylvay,odevixibat,DB16261,10153627,2021,PFIC cholestatic pruritus,MONDO:0015762,D002780,DOID:0070221,EMA,GI/Metabolic,GI/Metabolic,True,True,2023,complete,0,False,False,False,DB16261|d|70221,False,False,True,False,False,False
73,Ervebo,Ebola Zaire vaccine,,,2020,Ebola Zaire (pediatric 1+),MONDO:0005737,D019142,DOID:4325,EMA,Infectious,Infectious,False,True,2023,missing_DrugBank|missing_PubChem,0,False,False,False,nan|d|4325,False,True,False,False,False,False
74,Adempas,riociguat,DB08931,11304743,2013,Chronic thromboembolic pulmonary hypertension,MONDO:0013024,D065627,DOID:6432,EMA,Cardiovascular,Cardiovascular,True,True,2023,complete,3,True,True,True,DB08931|d|6432,True,False,True,False,True,True
75,Cosentyx,secukinumab,DB09029,,2015,IV formulation for rheumatic diseases (EMA),MONDO:0005554,D012216,DOID:1575,EMA,Immunology,Immunology,False,True,2023,missing_PubChem,3,True,True,True,DB09029|d|1575,False,False,True,True,True,True
76,Orkambi,lumacaftor/ivacaftor,"DB09280,DB08820","16678941,16220172",2015,Cystic fibrosis (pediatric expansion),MONDO:0009061,D003550,DOID:1485,EMA,Respiratory,Respiratory,False,True,2023,complete,0,False,False,False,"DB09280,DB08820|d|1485",False,False,True,False,False,False
77,Revestive,teduglutide,DB08900,16139605,2012,Short bowel syndrome (pediatric),MONDO:0015183,D012778,DOID:10605,EMA,GI,GI,False,True,2023,complete,3,True,True,True,DB08900|d|10605,True,False,True,False,True,True
78,Spikevax,mRNA-1273,DB15654,,2022,COVID-19 updated strain,MONDO:0100320,D000086382,DOID:0080599,EMA,Infectious,Infectious,False,True,2023,missing_PubChem,1,True,False,False,DB15654|d|80599,False,False,True,True,True,True
79,Vemlidy,tenofovir alafenamide,DB09299,9574768,2016,Chronic hepatitis B (pediatric),MONDO:0005344,D006509,DOID:2043,EMA,Infectious,Infectious,False,True,2023,complete,3,True,True,True,DB09299|d|2043,False,False,True,True,True,True
80,Yervoy,ipilimumab,DB06186,,2011,Adjuvant melanoma (+nivolumab),MONDO:0005105,D008545,DOID:1909,EMA,Oncology,Oncology,True,True,2023,missing_PubChem,3,True,True,True,DB06186|d|1909,True,False,True,False,True,True
81,HyQvia,immune globulin subcutaneous,DB00028,,2014,Primary immunodeficiency pediatric (EMA),MONDO:0012559,C563663,DOID:0111941,EMA,Immunology,Immunology,False,True,2023,missing_PubChem,3,True,True,True,DB00028|d|111941,False,False,True,True,True,True
82,Metalyse,tenecteplase,DB00031,,2001,Acute ischemic stroke,MONDO:1060198,D000083242,DOID:0051062,EMA,Cardiovascular,Cardiovascular,True,True,2023,missing_PubChem,0,True,True,True,DB00031|d|51062,False,False,True,False,False,True
83,Zinplava,bezlotoxumab,DB13140,,2016,Pediatric C. difficile infection (EMA),MONDO:1014887,D016360,DOID:0060185,EMA,Infectious,Infectious,True,True,2023,missing_PubChem,0,True,True,True,DB13140|d|60185,True,False,True,False,False,True
84,Spexotras,selumetinib,DB11689,10127622,2020,"Pediatric low-grade glioma (+dabrafenib, BRAF V600E)",MONDO:0021637,,DOID:0060101,EMA,Oncology,Oncology,True,True,2023,missing_MeSH,1,True,True,True,DB11689|d|60101,False,False,True,True,True,True
85,Finlee,dabrafenib,DB08912,44462760,2014,Pediatric glioma (EMA),MONDO:0021042,D005910,DOID:3774,EMA,Oncology,Oncology,True,True,2023,complete,3,True,True,True,DB08912|d|3774,False,False,True,True,True,True
86,Adcetris,brentuximab vedotin,DB08870,,2012,Stage III Hodgkin lymphoma (EMA),MONDO:0004952,D006689,DOID:8567,EMA,Oncology,Oncology,True,True,2023,missing_PubChem,3,True,True,True,DB08870|d|8567,True,False,True,False,True,True
87,Enhertu,trastuzumab deruxtecan,DB14962,,2019,HER2-mutant NSCLC (EMA),MONDO:0005233,D002289,DOID:3908,EMA,Oncology,Oncology,True,True,2023,missing_PubChem,3,True,True,True,DB14962|d|3908,False,False,True,True,True,True
88,Vanflyta,quizartinib,DB12874,24889392,2019,FLT3-ITD AML (EMA),MONDO:0018874,D015470,DOID:9119,EMA,Oncology,Oncology,True,True,2023,complete,3,True,True,True,DB12874|d|9119,True,False,True,False,True,True
89,Nordimet,methotrexate,DB00563,126941,1988,Moderate psoriasis (EMA),MONDO:0005083,D011565,DOID:8893,EMA,Immunology/Dermatology,Immunology,True,True,2023,complete,3,True,True,True,DB00563|d|8893,True,False,True,False,True,True
90,Ayvakyt,avapritinib,DB15233,118023034,2020,Indolent systemic mastocytosis (EMA),MONDO:0016586,D034721,DOID:349,EMA,Hematology,Hematology,True,True,2023,complete,2,True,False,True,DB15233|d|349,False,False,True,True,True,True
91,Evkeeza,evinacumab,DB15354,,2021,HoFH pediatric (EMA),MONDO:0018328,D000090542,DOID:0090105,EMA,Metabolic,Metabolic,True,True,2023,missing_PubChem,1,True,True,True,DB15354|d|90105,False,False,True,True,True,True
92,Keytruda,pembrolizumab,DB09037,,2016,Primary mediastinal large B-cell lymphoma,MONDO:0020323,D016403,DOID:0080210,PMDA,Oncology,Oncology,True,True,2023,missing_PubChem,3,True,True,True,DB09037|d|80210,False,False,True,True,True,True
93,Enhertu,trastuzumab deruxtecan,DB14962,,2020,HER2-mutant NSCLC (PMDA),MONDO:0005233,D002289,DOID:3908,PMDA,Oncology,Oncology,True,True,2023,missing_PubChem,3,True,True,True,DB14962|d|3908,False,False,True,True,True,True
94,Rituxan,rituximab,DB00073,,2001,Antibody-mediated rejection in organ transplantation,MONDO:1010185,D006084,,PMDA,Immunology/Transplant,Immunology,True,True,2023,missing_PubChem|missing_DOID,1,True,True,True,DB00073|d|None,False,False,True,True,True,True
95,Tremfya,guselkumab,DB11834,,2019,Palmoplantar pustulosis (PMDA),MONDO:0015597,,DOID:4398,PMDA,Immunology/Dermatology,Immunology,True,True,2023,missing_PubChem|missing_MeSH,1,True,True,True,DB11834|d|4398,False,False,True,True,True,True
96,Lenvatinib,lenvatinib,DB09078,9823820,2015,Unresectable thymic carcinoma (PMDA),MONDO:0006451,D013953,DOID:3284,PMDA,Oncology,Oncology,True,True,2023,complete,3,True,True,True,DB09078|d|3284,False,False,True,True,True,True
97,Alecensa,alectinib,DB11363,49806720,2015,Adjuvant ALK+ NSCLC,MONDO:0005233,D002289,DOID:3908,"FDA, EMA, MHRA/Orbis",Oncology,Oncology,True,True,2024-2026,complete,3,True,True,True,DB11363|d|3908,True,False,True,False,True,True
98,Enhertu,trastuzumab deruxtecan,DB14962,,2019,HER2+ solid tumors (tumor-agnostic),MONDO:0004198,D066066,DOID:7360,FDA,Oncology,Oncology,True,True,2024-2026,missing_PubChem,2,True,True,True,DB14962|d|7360,False,False,True,True,True,True
99,Enhertu,trastuzumab deruxtecan,DB14962,,2019,HR+/HER2-low breast cancer,MONDO:0007254,D000072656,DOID:1612,"FDA, EMA",Oncology,Oncology,True,True,2024-2026,missing_PubChem,2,True,True,True,DB14962|d|1612,False,False,True,True,True,True
100,Imfinzi,durvalumab,DB11714,,2017,Resectable NSCLC,MONDO:0005233,D002289,DOID:3908,FDA,Oncology,Oncology,True,True,2024-2026,missing_PubChem,3,True,True,True,DB11714|d|3908,True,False,True,False,True,True
101,Imfinzi,durvalumab,DB11714,,2017,Muscle-invasive bladder cancer,MONDO:0004986,D001749,DOID:4007,FDA,Oncology,Oncology,True,True,2024-2026,missing_PubChem,3,True,True,True,DB11714|d|4007,True,False,True,False,True,True
102,Imfinzi,durvalumab,DB11714,,2017,Gastric/GEJ adenocarcinoma,MONDO:0005036,D013274,DOID:3717,"FDA, EMA",Oncology,Oncology,True,True,2024-2026,missing_PubChem,3,True,True,True,DB11714|d|3717,False,False,True,True,True,True
103,Imfinzi,durvalumab,DB11714,,2017,Biliary tract cancer 1L,MONDO:0003060,D001661,DOID:4607,EMA,Oncology,Oncology,True,True,2024-2026,missing_PubChem,3,True,True,True,DB11714|d|4607,False,False,True,True,True,True
104,Rybrevant,amivantamab,DB16695,,2021,1L EGFR-mutant NSCLC (+lazertinib),MONDO:0005233,D002289,DOID:3908,"FDA, EMA",Oncology,Oncology,True,True,2024-2026,missing_PubChem,0,False,False,False,DB16695|d|3908,False,False,True,False,False,False
105,Keytruda,pembrolizumab,DB09037,,2014,Neoadj+adj HNSCC,MONDO:0010150,C535575,DOID:5520,FDA,Oncology,Oncology,True,True,2024-2026,missing_PubChem,2,True,True,True,DB09037|d|5520,True,False,True,True,True,True
106,Keytruda,pembrolizumab,DB09037,,2014,1L endometrial cancer (dMMR/MSI-H),MONDO:0011962,D016889,DOID:1380,"EMA, MHRA/Orbis",Oncology,Oncology,True,True,2024-2026,missing_PubChem,3,True,True,True,DB09037|d|1380,True,False,True,False,True,True
107,Keytruda,pembrolizumab,DB09037,,2014,Cervical cancer,MONDO:0002974,D002583,DOID:4362,"EMA, PMDA",Oncology,Oncology,True,True,2024-2026,missing_PubChem,3,True,True,True,DB09037|d|4362,True,False,True,False,True,True
108,Keytruda,pembrolizumab,DB09037,,2014,Gastric/GEJ cancer,MONDO:0001056,D013274,DOID:10534,PMDA,Oncology,Oncology,True,True,2024-2026,missing_PubChem,3,True,True,True,DB09037|d|10534,True,False,True,False,True,True
109,Keytruda,pembrolizumab,DB09037,,2014,Biliary tract cancer,MONDO:0003060,D001661,DOID:4607,PMDA,Oncology,Oncology,True,True,2024-2026,missing_PubChem,3,True,True,True,DB09037|d|4607,False,False,True,True,True,True
110,Opdivo,nivolumab,DB09035,,2015,1L metastatic urothelial carcinoma,MONDO:0040679,D001749,DOID:4006,"EMA, MHRA/Orbis",Oncology,Oncology,True,True,2024-2026,missing_PubChem,3,True,True,True,DB09035|d|4006,True,False,True,False,True,True
111,Opdivo+Yervoy,nivolumab+ipilimumab,"DB09035,DB06186",",",2015,MSI-H/dMMR colorectal cancer 1L,MONDO:0024331,D015179,DOID:0080199,"FDA, EMA",Oncology,Oncology,True,True,2024-2026,missing_PubChem,0,False,False,False,"DB09035,DB06186|d|80199",False,False,True,False,False,False
112,Darzalex,daratumumab,DB09331,,2016,Newly diagnosed MM ineligible for ASCT,MONDO:0009693,D009101,DOID:9538,"FDA, EMA",Oncology,Oncology,True,True,2024-2026,missing_PubChem,3,True,True,True,DB09331|d|9538,True,False,True,False,True,True
113,Padcev+Keytruda,enfortumab vedotin+pembrolizumab,"DB13007,DB09037",",",2019,Muscle-invasive bladder cancer (non-cisplatin),MONDO:0004986,D001749,DOID:4007,FDA,Oncology,Oncology,True,True,2024-2026,missing_PubChem,0,False,False,False,"DB13007,DB09037|d|4007",False,False,True,False,False,False
114,Padcev,enfortumab vedotin,DB13007,,2020,Urothelial carcinoma (expanded population),MONDO:0040679,D001749,DOID:4006,EMA,Oncology,Oncology,True,True,2024-2026,missing_PubChem,3,True,True,True,DB13007|d|4006,False,False,True,True,True,True
115,Pluvicto,lutetium-177 vipivotide,DB16778,,2022,Post-ARPI mCRPC,MONDO:0008315,D011471,DOID:10283,FDA,Oncology,Oncology,True,True,2024-2026,missing_PubChem,0,False,False,False,DB16778|d|10283,False,False,True,False,False,False
116,Cabometyx,cabozantinib,DB08875,25102847,2016,Pancreatic NET,MONDO:0019954,D018358,DOID:0112306,"FDA, EMA",Oncology,Oncology,True,True,2024-2026,complete,3,True,True,True,DB08875|d|112306,False,False,True,True,True,True
117,Calquence,acalabrutinib,DB11703,71226662,2017,Untreated MCL,MONDO:0018876,D020522,DOID:0050746,"FDA, EMA",Oncology,Oncology,True,True,2024-2026,complete,3,True,True,True,DB11703|d|50746,True,False,True,False,True,True
118,Lumakras,sotorasib+panitumumab,"DB15569,DB01269","137278711,",2021,KRAS G12C+ mCRC,MONDO:0024331,D015179,DOID:0080199,FDA,Oncology,Oncology,True,True,2024-2026,partial_PubChem,0,False,False,False,"DB15569,DB01269|d|80199",False,False,True,False,False,False
119,Welireg,belzutifan,DB15463,117947097,2021,Pheochromocytoma/paraganglioma,MONDO:0008233,D010673,DOID:0050771,"FDA, PMDA",Oncology,Oncology,True,True,2024-2026,complete,3,True,True,True,DB15463|d|50771,False,False,True,True,True,True
120,Monjuvi,tafasitamab,DB15044,,2020,Follicular lymphoma,MONDO:0018906,D008224,DOID:0050873,FDA,Oncology,Oncology,True,True,2024-2026,missing_PubChem,3,True,True,True,DB15044|d|50873,False,False,True,True,True,True
121,Libtayo,cemiplimab,DB14707,,2018,Adjuvant cutaneous SCC,MONDO:0005096,D002294,DOID:1749,"FDA, EMA",Oncology,Oncology,True,True,2024-2026,missing_PubChem,3,True,True,True,DB14707|d|1749,True,False,True,False,True,True
122,Tagrisso,osimertinib,DB09330,71496458,2016,Adjuvant EGFR+ NSCLC,MONDO:0005233,D002289,DOID:3908,"EMA, MHRA/Orbis",Oncology,Oncology,True,True,2024-2026,complete,3,True,True,True,DB09330|d|3908,True,False,True,False,True,True
123,Tagrisso,osimertinib,DB09330,71496458,2016,Stage III EGFR+ NSCLC post-chemoradiation,MONDO:0005233,D002289,DOID:3908,"EMA, PMDA, MHRA/Orbis",Oncology,Oncology,True,True,2024-2026,complete,3,True,True,True,DB09330|d|3908,True,False,True,False,True,True
124,Xalkori,crizotinib,DB08865,11626560,2012,ALK+ or ROS1+ NSCLC (pediatric/new formulation),MONDO:0005233,D002289,DOID:3908,"EMA, PMDA",Oncology,Oncology,True,True,2024-2026,complete,3,True,True,True,DB08865|d|3908,True,False,True,False,True,True
125,Lynparza,olaparib,DB09074,23725625,2014,BRCA-mutated mCRPC (+abiraterone),MONDO:0008315,D011471,DOID:10283,EMA,Oncology,Oncology,True,True,2024-2026,complete,3,True,True,True,DB09074|d|10283,True,False,True,False,True,True
126,Kisqali,ribociclib,DB11730,44631912,2017,HR+/HER2- early breast cancer (adjuvant),MONDO:0007254,D000072656,DOID:1612,EMA,Oncology,Oncology,True,True,2024-2026,complete,2,True,True,True,DB11730|d|1612,False,False,True,True,True,True
127,Xtandi,enzalutamide,DB08899,15951529,2013,Metastatic hormone-sensitive prostate cancer,MONDO:0004956,D011471,DOID:10283,EMA,Oncology,Oncology,True,True,2024-2026,complete,3,True,True,True,DB08899|d|10283,True,False,True,False,True,True
128,Nubeqa,darolutamide,DB12941,67171867,2019,mHSPC + ADT,MONDO:0004956,D011471,DOID:10283,"EMA, MHRA/Orbis",Oncology,Oncology,True,True,2024-2026,complete,3,True,True,True,DB12941|d|10283,False,False,True,True,True,True
129,Retsevmo,selpercatinib,DB15685,134436906,2021,RET-fusion NSCLC (expanded),MONDO:0005233,D002289,DOID:3908,EMA,Oncology,Oncology,True,True,2024-2026,complete,2,True,False,True,DB15685|d|3908,False,False,True,True,True,True
130,Rozlytrek,entrectinib,DB11986,25141092,2020,NTRK fusion solid tumors (pediatric),MONDO:0004198,D066066,DOID:7360,EMA,Oncology,Oncology,True,True,2024-2026,complete,2,True,True,True,DB11986|d|7360,True,False,True,False,True,True
131,Braftovi,encorafenib,DB11718,50922675,2018,BRAF+ thyroid cancer,MONDO:0002108,D000077273,DOID:1781,"EMA, PMDA",Oncology,Oncology,True,True,2024-2026,complete,3,True,True,True,DB11718|d|1781,False,False,True,True,True,True
132,Mektovi,binimetinib,DB11967,10288191,2018,BRAF+ thyroid cancer,MONDO:0002108,D000077273,DOID:1781,"EMA, PMDA",Oncology,Oncology,True,True,2024-2026,complete,3,True,True,True,DB11967|d|1781,False,False,True,True,True,True
133,Onivyde,irinotecan (liposomal),DB00762,60838,2016,Pancreatic cancer (2L+),MONDO:0006478,D010190,DOID:4905,EMA,Oncology,Oncology,True,True,2024-2026,complete,3,True,True,True,DB00762|d|4905,True,False,True,False,True,True
134,Adcetris,brentuximab vedotin,DB08870,,2012,Stage III Hodgkin lymphoma,MONDO:0004952,D006689,DOID:8567,EMA,Oncology,Oncology,True,True,2024-2026,missing_PubChem,3,True,True,True,DB08870|d|8567,True,False,True,False,True,True
135,Bosulif,bosutinib,DB06616,5328940,2013,Pediatric Ph+ CML-CP,MONDO:0011996,D015464,DOID:0081088,EMA,Oncology,Oncology,True,True,2024-2026,complete,3,True,True,True,DB06616|d|81088,True,False,True,False,True,True
136,Sarclisa,isatuximab,DB14811,,2020,Newly diagnosed MM ineligible for ASCT,MONDO:0009693,D009101,DOID:9538,EMA,Oncology,Oncology,True,True,2024-2026,missing_PubChem,3,True,True,True,DB14811|d|9538,True,False,True,False,True,True
137,Imbruvica,ibrutinib,DB09053,24821094,2014,Chronic GVHD,MONDO:0020547,D006086,DOID:0081267,EMA,Oncology,Oncology,True,True,2024-2026,complete,3,True,True,True,DB09053|d|81267,True,False,True,False,True,True
138,Carvykti,ciltacabtagene autoleucel,,,2022,R/R MM (earlier line),MONDO:0009693,D009101,DOID:9538,EMA,Oncology,Oncology,True,True,2024-2026,missing_DrugBank|missing_PubChem,0,False,False,False,nan|d|9538,False,True,False,False,False,False
139,Cibinqo,abrocitinib,DB14973,78323835,2021,Atopic dermatitis (adolescents),MONDO:0011596,C565293,DOID:0110098,EMA,Oncology,Oncology,False,True,2024-2026,complete,0,False,True,False,DB14973|d|110098,False,False,True,False,False,True
140,Reblozyl,luspatercept,DB12281,,2020,First-line anemia in lower-risk MDS,MONDO:0018881,D009190,DOID:0050908,EMA,Oncology,Oncology,True,True,2024-2026,missing_PubChem,3,True,True,True,DB12281|d|50908,False,False,True,True,True,True
141,Blincyto,blinatumomab,DB09052,,2015,CD19+ B-precursor ALL consolidation,MONDO:0004967,D054198,DOID:9952,MHRA/Orbis,Oncology,Oncology,True,True,2024-2026,missing_PubChem,3,True,True,True,DB09052|d|9952,True,False,True,False,True,True
142,Breyanzi,lisocabtagene maraleucel,,,2021,Follicular lymphoma 3L+,MONDO:0018906,D008224,DOID:0050873,EMA,Oncology,Oncology,True,True,2024-2026,missing_DrugBank|missing_PubChem,0,False,False,False,nan|d|50873,False,True,False,False,False,False
143,Gazyvaro,obinutuzumab,DB08935,,2014,Follicular lymphoma (+chemo),MONDO:0018906,D008224,DOID:0050873,EMA,Oncology,Oncology,True,True,2024-2026,missing_PubChem,3,True,True,True,DB08935|d|50873,True,False,True,False,True,True
144,Scemblix,asciminib,DB12597,72165228,2021,Ph+ CML-CP after 2+ TKIs,MONDO:0011996,D015464,DOID:0081088,EMA,Oncology,Oncology,True,True,2024-2026,complete,1,False,True,False,DB12597|d|81088,False,False,True,True,True,True
145,Rinvoq,upadacitinib,DB15091,58557659,2019,Giant cell arteritis,MONDO:0008538,D013700,DOID:13375,"FDA, EMA",Immunology,Immunology,True,True,2024-2026,complete,3,True,True,True,DB15091|d|13375,False,False,True,True,True,True
146,Tremfya,guselkumab,DB11834,,2017,Crohn's disease,MONDO:0005011,D003424,DOID:8778,"FDA, EMA, PMDA",Immunology,Immunology,True,True,2024-2026,missing_PubChem,3,True,True,True,DB11834|d|8778,False,False,True,True,True,True
147,Tremfya,guselkumab,DB11834,,2017,Ulcerative colitis,MONDO:0005101,D003093,DOID:8577,"FDA, EMA, PMDA",Immunology,Immunology,True,True,2024-2026,missing_PubChem,3,True,True,True,DB11834|d|8577,False,False,True,True,True,True
148,Skyrizi,risankizumab,DB14762,,2019,Ulcerative colitis,MONDO:0005101,D003093,DOID:8577,"EMA, PMDA",Immunology,Immunology,True,True,2024-2026,missing_PubChem,3,True,True,True,DB14762|d|8577,False,False,True,True,True,True
149,Uplizna,inebilizumab,DB12530,,2020,IgG4-related disease,MONDO:0017287,,DOID:0080356,"FDA, EMA",Immunology,Immunology,True,True,2024-2026,missing_PubChem|missing_MeSH,1,True,True,True,DB12530|d|80356,False,False,True,True,True,True
150,Uplizna,inebilizumab,DB12530,,2020,Generalized myasthenia gravis,MONDO:0009688,D009157,DOID:437,FDA,Immunology,Immunology,True,True,2024-2026,missing_PubChem,3,True,True,True,DB12530|d|437,False,False,True,True,True,True
151,Xolair,omalizumab,DB00043,,2003,IgE-mediated food allergy,MONDO:0700226,D005512,DOID:3044,FDA,Immunology,Immunology,True,True,2024-2026,missing_PubChem,2,True,True,True,DB00043|d|3044,False,False,True,True,True,True
152,Benlysta,belimumab,DB08879,,2011,Pediatric SLE,MONDO:0007915,D008180,DOID:9074,"FDA, EMA",Immunology,Immunology,False,True,2024-2026,missing_PubChem,3,True,True,True,DB08879|d|9074,True,False,True,False,True,True
153,Gamifant,emapalumab,DB14724,,2018,HLH/MAS in Still's disease,MONDO:0011336,C537252,DOID:0110924,FDA,Immunology,Immunology,True,True,2024-2026,missing_PubChem,2,True,True,True,DB14724|d|110924,True,False,True,False,True,True
154,Dupixent,dupilumab,DB12159,,2017,COPD,MONDO:0005002,D029424,DOID:3083,EMA,Immunology,Immunology,True,True,2024-2026,missing_PubChem,3,True,True,True,DB12159|d|3083,False,False,True,True,True,True
155,Dupixent,dupilumab,DB12159,,2017,COPD (EMA 2025),MONDO:0005002,D029424,DOID:3083,EMA,Immunology,Immunology,True,True,2024-2026,missing_PubChem,3,True,True,True,DB12159|d|3083,False,False,True,True,True,True
156,Fasenra,benralizumab,DB12023,,2017,EGPA (expanded),MONDO:0015943,D015267,DOID:3049,EMA,Immunology,Immunology,True,True,2024-2026,missing_PubChem,3,True,True,True,DB12023|d|3049,False,False,True,True,True,True
157,Nucala,mepolizumab,DB06612,,2015,"EGPA (expanded, PMDA)",MONDO:0015943,D015267,DOID:3049,"EMA, PMDA",Immunology,Immunology,True,True,2024-2026,missing_PubChem,3,True,True,True,DB06612|d|3049,True,False,True,False,True,True
158,Omalizumab,omalizumab,DB00043,,2009,EGPA,MONDO:0015943,D015267,DOID:3049,PMDA,Immunology,Immunology,True,True,2024-2026,missing_PubChem,3,True,True,True,DB00043|d|3049,False,False,True,True,True,True
159,Canakinumab,canakinumab,DB06168,,2009,TRAPS,MONDO:0007727,C536657,DOID:0090018,PMDA,Immunology,Immunology,True,True,2024-2026,missing_PubChem,3,True,True,True,DB06168|d|90018,True,False,True,False,True,True
160,Vyvgart,efgartigimod,DB15270,,2021,Generalized myasthenia gravis (expanded),MONDO:0018324,D009157,DOID:437,EMA,Immunology,Immunology,True,True,2024-2026,missing_PubChem,0,False,False,False,DB15270|d|437,False,False,True,False,False,False
161,Otezla,apremilast,DB05676,11561674,2014,Plaque psoriasis,MONDO:0005083,D011565,DOID:8893,"FDA, EMA, PMDA",Immunology,Immunology,False,True,2024-2026,complete,3,True,True,True,DB05676|d|8893,True,False,True,False,True,True
162,Jakavi,ruxolitinib,DB08877,25126798,2012,GVHD + pediatric,MONDO:0013730,D006086,DOID:0081267,PMDA,Immunology,Immunology,True,True,2024-2026,complete,3,True,True,True,DB08877|d|81267,False,False,True,True,True,True
163,Upadacitinib,upadacitinib,DB15091,58557659,2019,Pediatric atopic dermatitis,MONDO:0011596,C565293,DOID:0110098,PMDA,Immunology,Immunology,False,True,2024-2026,complete,2,True,True,True,DB15091|d|110098,False,False,True,True,True,True
164,Wegovy,semaglutide,DB13928,56843331,2021,Reduce MACE in CVD + obesity/overweight,MONDO:0004995,D002318,DOID:1287,FDA,Cardiovascular,Cardiovascular,True,True,2024-2026,complete,3,True,True,True,DB13928|d|1287,False,False,True,True,True,True
165,Amvuttra,vutrisiran,DB16699,,2022,ATTR cardiomyopathy,MONDO:0007100,C567782,DOID:0050638,"FDA, EMA",Cardiovascular,Cardiovascular,True,True,2024-2026,missing_PubChem,0,False,False,False,DB16699|d|50638,False,False,True,False,False,False
166,Kerendia,finerenone,DB16165,60150535,2021,HFpEF,MONDO:0006727,D054144,DOID:9775,FDA,Cardiovascular,Cardiovascular,True,True,2024-2026,complete,0,False,False,False,DB16165|d|9775,False,False,True,False,False,False
167,TNKase,tenecteplase,DB00031,,2001,Acute ischemic stroke,MONDO:1060198,D000083242,DOID:0051062,FDA,Cardiovascular,Cardiovascular,True,True,2024-2026,missing_PubChem,0,True,True,True,DB00031|d|51062,False,False,True,False,False,True
168,Edoxaban,edoxaban tosilate,DB09075,44610678,2014,Chronic thromboembolic pulmonary hypertension,MONDO:0013024,D065627,DOID:6432,PMDA,Cardiovascular,Cardiovascular,True,True,2024-2026,complete,3,True,True,True,DB09075|d|6432,False,False,True,True,True,True
169,Treprostinil,treprostinil,DB00374,6918140,2002,ILD-associated pulmonary hypertension,MONDO:0005149,D006976,DOID:6432,PMDA,Cardiovascular,Cardiovascular,True,True,2024-2026,complete,3,True,True,True,DB00374|d|6432,False,False,True,True,True,True
170,Eliquis,apixaban,DB06605,10182969,2011,Pediatric VTE prevention/treatment,MONDO:0005399,D054556,DOID:3574,EMA,Cardiovascular,Cardiovascular,False,True,2024-2026,complete,3,True,True,True,DB06605|d|3574,True,False,True,False,True,True
171,Wegovy,semaglutide,DB13928,56843331,2021,MASH with fibrosis,MONDO:0007027,,DOID:0080547,FDA,Metabolic,Metabolic,True,True,2024-2026,missing_MeSH,1,True,True,True,DB13928|d|80547,False,False,True,True,True,True
172,Ozempic,semaglutide,DB13928,56843331,2017,CKD in T2D,MONDO:0005300,D007676,DOID:784,FDA,Metabolic,Metabolic,True,True,2024-2026,complete,3,True,True,True,DB13928|d|784,False,False,True,True,True,True
173,Ctexli,chenodiol,DB06777,10133,1983,Cerebrotendinous xanthomatosis,MONDO:0008948,D019294,DOID:4810,FDA,Metabolic,Metabolic,True,True,2024-2026,complete,3,True,True,True,DB06777|d|4810,True,False,True,False,True,True
174,Nityr/Harliku,nitisinone,DB00348,115355,2002,Alkaptonuria,MONDO:0008753,D000474,DOID:9270,FDA,Metabolic,Metabolic,True,True,2024-2026,complete,3,True,True,True,DB00348|d|9270,True,False,True,False,True,True
175,Empaveli,pegcetacoplan,DB16694,,2021,C3G/IC-MPGN,MONDO:0018013,D005921,,FDA,Nephrology,Nephrology,True,True,2024-2026,missing_PubChem|missing_DOID,0,False,False,False,DB16694|d|None,False,False,True,False,False,False
176,Rituxan,rituximab,DB00073,,2001,Nephrotic syndrome,MONDO:0005377,D009404,DOID:1184,PMDA,Nephrology,Nephrology,True,True,2024-2026,missing_PubChem,3,True,True,True,DB00073|d|1184,False,False,True,True,True,True
177,Yeztugo,lenacapavir,DB15673,133082658,2022,HIV PrEP,MONDO:0004951,D015658,DOID:526,FDA,Infectious,Infectious,True,True,2024-2026,complete,0,False,False,False,DB15673|d|526,False,False,True,False,False,False
178,Mavyret,glecaprevir/pibrentasvir,"DB13879,DB13878","66828839,58031952",2017,Acute HCV pediatric,MONDO:0007256,D006528,DOID:684,FDA,Infectious,Infectious,False,True,2024-2026,complete,0,False,False,False,"DB13879,DB13878|d|684",False,False,True,False,False,False
179,Prevymis,letermovir,DB12070,45138674,2018,CMV prophylaxis in organ transplant,MONDO:0005132,D003586,DOID:0080827,PMDA,Infectious,Infectious,True,True,2024-2026,complete,3,True,True,True,DB12070|d|80827,True,False,True,False,True,True
180,Veklury,remdesivir,DB14761,121304016,2020,COVID-19 (expanded population),MONDO:0100320,D000086382,DOID:0080599,EMA,Infectious,Infectious,True,True,2024-2026,complete,1,True,False,True,DB14761|d|80599,False,False,True,True,True,True
181,Ofev,nintedanib,DB09079,135423438,2014,Progressive fibrosing ILDs in children/adolescents,MONDO:0800504,D054990,DOID:0050156,EMA,Respiratory,Respiratory,True,True,2024-2026,complete,2,True,True,True,DB09079|d|50156,True,False,True,False,True,True
182,Kaftrio+Kalydeco,ivacaftor/tezacaftor/elexacaftor+ivacaftor,"DB08820,DB11712,DB15444,DB08820","16220172,46199646,134587348,16220172",2020,Additional CF mutations (non-class I),MONDO:0009061,D003550,DOID:1485,EMA,Respiratory,Respiratory,False,True,2024-2026,complete,0,False,False,False,"DB08820,DB11712,DB15444,DB08820|d|1485",False,False,True,False,False,False
183,Aqvesme,mitapivat,DB16236,59634741,2022,Thalassemia anemia,MONDO:0000984,D013789,DOID:10241,FDA,Hematology,Hematology,True,True,2024-2026,complete,0,False,False,False,DB16236|d|10241,False,False,True,False,False,False
184,Pegasys,peginterferon alfa-2a,DB00008,,2002,Polycythaemia vera and essential thrombocytopenia,MONDO:0009891,D011087,DOID:8997,EMA,Hematology,Hematology,True,True,2024-2026,missing_PubChem,3,True,True,True,DB00008|d|8997,False,False,True,True,True,True
185,Xromi,hydroxycarbamide,DB01005,3657,1998,Vaso-occlusive complications of sickle-cell disease in children,MONDO:0011382,D000755,DOID:0081445,EMA,Hematology,Hematology,True,True,2024-2026,complete,3,True,True,True,DB01005|d|81445,True,False,True,False,True,True
186,Pyrukynd,mitapivat,DB16236,59634741,2022,Thalassemia anemia (EU),MONDO:0000984,D013789,DOID:10241,EMA,Hematology,Hematology,True,True,2024-2026,complete,0,False,False,False,DB16236|d|10241,False,False,True,False,False,False
187,Susvimo,ranibizumab,DB01270,,2018,DME/diabetic retinopathy,MONDO:0004728,D003930,DOID:9191,FDA,Ophthalmology,Ophthalmology,True,True,2024-2026,missing_PubChem,3,True,True,True,DB01270|d|9191,True,False,True,False,True,True
188,Vabysmo,faricimab,DB15303,,2022,Retinal vein occlusion,MONDO:0006951,D012170,DOID:1727,EMA,Ophthalmology,Ophthalmology,True,True,2024-2026,missing_PubChem,1,True,False,False,DB15303|d|1727,False,False,True,True,True,True
189,Livmarli,maralixibat,DB16226,9831643,2021,PFIC/Alagille syndrome cholestatic pruritus,MONDO:0015762,D002780,DOID:0070221,"FDA, EMA",GI/Metabolic,,True,True,2024-2026,complete,0,False,False,False,DB16226|d|70221,False,False,True,False,False,False
190,Spravato,esketamine,DB11823,182137,2019,TRD monotherapy,MONDO:0002009,D003865,DOID:1470,FDA,CNS,CNS,True,True,2024-2026,complete,2,True,True,True,DB11823|d|1470,False,False,True,True,True,True
191,Dupixent,dupilumab,DB12159,,2017,Allergic fungal rhinosinusitis (AFRS) ≥6yr,MONDO:0005873,D020953,DOID:13565,FDA,Immunology/Respiratory,Immunology,True,True,2024-2026,missing_PubChem,3,True,True,True,DB12159|d|13565,False,False,True,True,True,True
192,Keytruda,pembrolizumab,DB09037,,2014,Platinum-resistant ovarian carcinoma (PD-L1+ CPS≥1),MONDO:0005140,D010051,DOID:4001,FDA,Oncology,Oncology,True,True,2024-2026,missing_PubChem,3,True,True,True,DB09037|d|4001,False,False,True,True,True,True
193,Wellcovorin,leucovorin calcium,DB00149,135403647,1983,Cerebral folate transport deficiency,MONDO:0100034,,DOID:0050719,FDA,CNS/Metabolic,CNS,True,True,2024-2026,missing_MeSH,1,True,True,True,DB00149|d|50719,False,False,True,True,True,True
194,Opdivo,nivolumab,DB09035,,2014,Previously untreated Stage III/IV cHL +AVD,MONDO:0004604,D006689,DOID:8543,FDA+EMA,Oncology,Oncology,True,True,2024-2026,missing_PubChem,3,True,True,True,DB09035|d|8543,True,False,True,False,True,True
195,Imcivree,setmelanotide,DB11700,11993702,2020,Acquired hypothalamic obesity,MONDO:0017408,D009765,DOID:6676,FDA+EMA,Metabolic,Metabolic,True,True,2024-2026,complete,2,True,True,False,DB11700|d|6676,False,False,True,True,True,True
196,Auvelity,dextromethorphan+bupropion,"DB00514,DB01156","5360696,444",2022,Agitation associated with Alzheimer's dementia,MONDO:0004975,D000544,DOID:10652,FDA,CNS,CNS,True,True,2024-2026,complete,0,False,False,False,"DB00514,DB01156|d|10652",False,False,True,False,False,False
197,Enhertu,trastuzumab deruxtecan,DB14962,,2019,HER2+ early-stage BC (neoadjuvant + adjuvant),MONDO:0007254,D000072656,DOID:1612,FDA+EMA,Oncology,Oncology,True,True,2024-2026,missing_PubChem,2,True,True,True,DB14962|d|1612,False,False,True,True,True,True
198,Tecentriq,atezolizumab,DB11595,,2016,Adjuvant MIBC with ctDNA MRD post-cystectomy,MONDO:0004986,D001749,DOID:4007,FDA,Oncology,Oncology,True,True,2024-2026,missing_PubChem,3,True,True,True,DB11595|d|4007,True,False,True,False,True,True
199,Calquence,acalabrutinib,DB11703,71226662,2017,CLL/SLL 1L +venetoclax (fixed-duration),MONDO:0004948,D015451,DOID:1040,FDA,Oncology,Oncology,True,True,2024-2026,complete,3,True,True,True,DB11703|d|1040,True,False,True,False,True,True
200,Tecvayli,teclistamab-cqyv,DB16655,,2022,R/R MM +daratumumab hyaluronidase (≥1 prior line),MONDO:0009693,D009101,DOID:9538,FDA,Oncology,Oncology,True,True,2024-2026,missing_PubChem,0,False,False,False,DB16655|d|9538,False,False,True,False,False,False
201,Breztri,budesonide/glycopyrrolate/formoterol,"DB01222,DB00986,DB00983","5281004,11693,3410",2020,Asthma (was COPD only),MONDO:0004979,D001249,DOID:2841,FDA,Respiratory,Respiratory,True,True,2024-2026,complete,0,False,False,False,"DB01222,DB00986,DB00983|d|2841",False,False,True,False,False,False
202,Wakix,pitolisant,DB11642,9948102,2019,Narcolepsy (expanded),MONDO:0021107,D009290,DOID:8986,FDA,CNS/Sleep,CNS,True,True,2024-2026,complete,3,True,True,True,DB11642|d|8986,True,False,True,False,True,True
203,Caldolor,ibuprofen (IV),DB01050,3672,2009,Fever and pain in infants,MONDO:0001195,D005334,DOID:11104,FDA,Pain/Anesthesia,Other,True,True,2024-2026,complete,3,True,True,True,DB01050|d|11104,True,False,True,False,True,True
204,Ocrevus,ocrelizumab,DB11988,,2017,Pediatric relapsing-remitting MS ≥10yr,MONDO:0005301,D009103,DOID:2377,FDA,Immunology/Neurology,Immunology,False,True,2024-2026,missing_PubChem,3,True,True,True,DB11988|d|2377,True,False,True,False,True,True
205,Vyvgart,efgartigimod alfa-fcab,DB15270,,2021,All adult gMG (expanded from AChR+ only),MONDO:0018324,D009157,DOID:437,FDA,Immunology/Neurology,Immunology,False,True,2024-2026,missing_PubChem,0,False,False,False,DB15270|d|437,False,False,True,False,False,False
206,Tzield,teplizumab-mzwv,DB06606,,2022,Delay T1D onset in children ≥1yr,MONDO:0005147,D003922,DOID:9744,FDA,Metabolic/Immunology,Metabolic,False,True,2024-2026,missing_PubChem,3,True,True,True,DB06606|d|9744,False,False,True,True,True,True
207,Asceniv,immune globulin IV (human-slra),DB00028,,2019,Primary humoral immunodeficiency pediatric 2-11yr,MONDO:0012559,C563663,DOID:0111941,FDA,Immunology,Immunology,False,True,2024-2026,missing_PubChem,3,True,True,True,DB00028|d|111941,False,False,True,True,True,True
208,Stelara,ustekinumab,DB05679,,2009,Population expansion (FDA+EMA),,,,FDA+EMA,Immunology,Immunology,False,True,2024-2026,missing_PubChem|missing_MONDO|missing_MeSH|missing_DOID|unresolvable_indication,0,True,True,True,DB05679|d|None,False,True,False,False,False,True
209,Cablivi,caplacizumab-yhdp,DB06081,,2019,Acquired TTP pediatric ≥12yr,MONDO:0018896,D011697,DOID:10772,FDA,Hematology,Hematology,False,True,2024-2026,missing_PubChem,3,True,True,True,DB06081|d|10772,True,False,True,False,True,True
210,Sotyktu,deucravacitinib,DB16650,134821691,2022,Psoriatic arthritis,MONDO:0011849,D015535,DOID:9008,FDA+EMA+PMDA,Immunology,Immunology,True,True,2024-2026,complete,0,False,False,False,DB16650|d|9008,False,False,True,False,False,False
211,Palynziq,pegvaliase-pqpz,DB12839,86278362,2018,PKU expanded to ≥12yr,MONDO:0009861,D010661,DOID:9281,FDA+EMA,Metabolic (rare),Metabolic,False,True,2024-2026,complete,3,True,True,True,DB12839|d|9281,False,False,True,True,True,True
212,Juxtapid,lomitapide,DB08827,9853053,2012,HoFH pediatric ≥2yr,MONDO:0018328,D000090542,DOID:0090105,FDA+EMA,Metabolic (rare),Metabolic,False,True,2024-2026,complete,1,True,True,True,DB08827|d|90105,True,False,True,False,True,True
213,Wegovy,semaglutide,DB13928,56843331,2021,Oral tablet formulation for weight management,MONDO:0017408,D009765,DOID:9970,FDA+EMA,Metabolic,Metabolic,False,True,2024-2026,complete,3,True,True,True,DB13928|d|9970,False,False,True,True,True,True
214,Braftovi,encorafenib,DB11718,50922675,2018,"mCRC BRAF V600E (traditional approval, was accelerated)",MONDO:0024331,D015179,DOID:0080199,FDA+EMA,Oncology,Oncology,True,True,2024-2026,complete,3,True,True,True,DB11718|d|80199,False,False,True,True,True,True
215,Trodelvy,sacituzumab govitecan,DB12893,,2020,HR+/HER2- breast cancer,MONDO:0007254,D000072656,DOID:1612,EMA+PMDA,Oncology,Oncology,True,True,2024-2026,missing_PubChem,2,True,True,True,DB12893|d|1612,False,False,True,True,True,True
216,Aquipta,atogepant,DB16098,72163100,2021,Acute treatment of migraine (was prophylaxis only),MONDO:0043219,D008881,DOID:6364,EMA+PMDA,CNS,CNS,True,True,2024-2026,complete,0,False,False,False,DB16098|d|6364,False,False,True,False,False,False
217,Iclusig,ponatinib,DB08901,24826799,2013,Newly diagnosed Ph+ ALL +chemotherapy,MONDO:0004967,D054198,DOID:9952,EMA,Oncology,Oncology,True,True,2024-2026,complete,3,True,True,True,DB08901|d|9952,True,False,True,False,True,True
218,Imfinzi,durvalumab,DB11714,,2018,Resectable gastric/GEJ adenocarcinoma (neoadj+adj +FLOT),MONDO:0005036,D013274,DOID:3717,EMA,Oncology,Oncology,True,True,2024-2026,missing_PubChem,3,True,True,True,DB11714|d|3717,False,False,True,True,True,True
219,Kerendia,finerenone,DB16165,60150535,2021,Symptomatic chronic HFpEF (LVEF≥40%),MONDO:0006727,D054144,DOID:9775,EMA,Cardiovascular,Cardiovascular,True,True,2024-2026,complete,0,False,False,False,DB16165|d|9775,False,False,True,False,False,False
220,Noxafil,posaconazole,DB01263,468595,2005,Invasive fungal infections pediatric ≥2yr,MONDO:0044067,D058365,DOID:0050073,EMA,Infectious,Infectious,True,True,2024-2026,complete,3,True,True,True,DB01263|d|50073,True,False,True,True,True,True
221,Efmody,hydrocortisone (modified-release),DB00741,5754,2021,Adrenal insufficiency adolescents ≥12yr,MONDO:0000004,D000309,DOID:10493,EMA,Endocrine,Endocrine,False,True,2024-2026,complete,3,True,True,True,DB00741|d|10493,True,False,True,False,True,True
222,Dupixent,dupilumab,DB12159,,2017,Chronic spontaneous urticaria pediatric 2-11yr,MONDO:0850230,D000080223,DOID:0080747,EMA,Immunology/Dermatology,Immunology,True,True,2024-2026,missing_PubChem,0,True,True,True,DB12159|d|80747,False,False,True,False,False,True
223,Jorveza,budesonide (orodispersible),DB01222,5281004,2019,Eosinophilic esophagitis pediatric 2-17yr,MONDO:0005361,D057765,DOID:13922,EMA,GI/Immunology,GI,True,True,2024-2026,complete,3,True,True,True,DB01222|d|13922,True,False,True,False,True,True
224,Keytruda,pembrolizumab,DB09037,,2015,"New indication (EMA Feb 2026, TBD)",,,,EMA,Oncology,Oncology,True,True,2024-2026,missing_PubChem|missing_MONDO|missing_MeSH|missing_DOID|unresolvable_indication,0,True,True,True,DB09037|d|None,False,True,False,False,False,True
225,Olumiant,baricitinib,DB11817,44205240,2017,Juvenile idiopathic arthritis (EMA Feb 2026),MONDO:0011429,D001171,DOID:676,EMA,Immunology,Immunology,True,True,2024-2026,complete,3,True,True,True,DB11817|d|676,False,False,True,True,True,True
226,Scemblix,asciminib,DB12597,72165228,2021,Ph+ CML-CP frontline (EMA Feb 2026),MONDO:0011996,D015464,DOID:0081088,EMA,Oncology,Oncology,True,True,2024-2026,complete,1,False,True,False,DB12597|d|81088,False,False,True,True,True,True
227,Retsevmo,selpercatinib,DB15685,134436906,2021,"RET-fusion NSCLC expanded (EMA Mar 2026, TBD)",MONDO:0005233,D002289,DOID:3908,EMA,Oncology,Oncology,True,True,2024-2026,complete,2,True,False,True,DB15685|d|3908,False,True,False,True,True,True
228,Besponsa,inotuzumab ozogamicin,DB05889,,2017,"Ph+ ALL frontline (EMA Mar 2026, TBD)",MONDO:0004967,D054198,DOID:9952,EMA,Oncology,Oncology,True,True,2024-2026,missing_PubChem,3,True,True,True,DB05889|d|9952,False,True,False,False,True,True
229,Mekinist,trametinib,DB08911,11707110,2014,"BRAF V600E solid tumors (EMA Mar 2026, TBD)",MONDO:0004198,D066066,DOID:7360,EMA,Oncology,Oncology,True,True,2024-2026,complete,2,True,True,True,DB08911|d|7360,False,True,False,False,True,True
230,Tafinlar,dabrafenib,DB08912,44462760,2013,"BRAF V600E solid tumors (EMA Mar 2026, TBD)",MONDO:0004198,D066066,DOID:7360,EMA,Oncology,Oncology,True,True,2024-2026,complete,2,True,True,True,DB08912|d|7360,False,True,False,False,True,True
231,Feraccru,ferric maltol,DB15598,169535,2016,"Iron deficiency anemia (EMA Mar 2026, TBD)",MONDO:0001356,D018798,DOID:11758,EMA,Hematology,Hematology,True,True,2024-2026,complete,3,True,True,True,DB15598|d|11758,True,True,False,False,True,True
232,Hetronifly,faricimab,DB15303,,2022,Diabetic retinopathy/DME (EMA Mar+May 2026),MONDO:0005266,D003930,DOID:8947,EMA,Ophthalmology,Ophthalmology,True,True,2024-2026,missing_PubChem,1,True,False,False,DB15303|d|8947,False,False,True,True,True,True
233,Namuscla,mexiletine,DB00379,4178,2022,"Myotonic dystrophy (EMA Mar 2026, TBD)",MONDO:0023595,D009223,DOID:11722,EMA,CNS/Cardiovascular,Cardiovascular,True,True,2024-2026,complete,3,True,True,True,DB00379|d|11722,True,True,False,False,True,True
234,Venclyxto,venetoclax,DB11581,49846579,2016,AML +Inaqovi (EMA Apr 2026),MONDO:0018874,D015470,DOID:9119,EMA,Oncology,Oncology,True,True,2024-2026,complete,3,True,True,True,DB11581|d|9119,True,False,True,False,True,True
235,Inaqovi,cedazuridine+decitabine,"DB15694,DB01262","25267009,451668",2020,"AML +venetoclax (newly diagnosed, ineligible for standard chemo)",MONDO:0018874,D015470,DOID:9119,EMA,Oncology,Oncology,True,True,2024-2026,complete,0,False,False,False,"DB15694,DB01262|d|9119",False,False,True,False,False,False
236,Crysvita,burosumab,DB14012,,2018,XLH infants <1yr,MONDO:0010619,D007015,DOID:0050445,EMA,Metabolic (rare),Metabolic,False,True,2024-2026,missing_PubChem,3,True,True,True,DB14012|d|50445,True,False,True,False,True,True
237,Comirnaty,tozinameran,DB15696,,2020,COVID-19 updated strain (EMA Apr 2026),MONDO:0100320,D000086382,DOID:0080599,EMA,Infectious,Infectious,False,True,2024-2026,missing_PubChem,0,False,False,False,DB15696|d|80599,False,False,True,False,False,False
238,Privigen,immune globulin IV,DB00028,,2008,Measles prophylaxis post-exposure,MONDO:0004619,D008457,DOID:8622,EMA,Infectious/Immunology,Infectious,True,True,2024-2026,missing_PubChem,3,True,True,True,DB00028|d|8622,False,False,True,True,True,True
239,Keytruda,pembrolizumab,DB09037,,2015,"Gastric/GEJ cancer (EMA May 2026, TBD)",MONDO:0001056,D013274,DOID:10534,EMA,Oncology,Oncology,True,True,2024-2026,missing_PubChem,3,True,True,True,DB09037|d|10534,True,True,False,False,True,True
240,Padcev,enfortumab vedotin,DB13007,,2020,"Muscle-invasive bladder cancer (EMA May 2026, TBD)",MONDO:0004986,D001749,DOID:4007,EMA,Oncology,Oncology,True,True,2024-2026,missing_PubChem,3,True,True,True,DB13007|d|4007,False,True,False,False,True,True
241,Fasenra,benralizumab,DB12023,,2017,"Eosinophilic esophagitis (EMA May 2026, TBD)",MONDO:0005361,D057765,DOID:13922,EMA,Immunology/Respiratory,Immunology,True,True,2024-2026,missing_PubChem,3,True,True,True,DB12023|d|13922,False,True,False,False,True,True
242,Iclusig,ponatinib,DB08901,24826799,2013,"Ph+ ALL frontline (EMA May 2026, 2nd)",MONDO:0004967,D054198,DOID:9952,EMA,Oncology,Oncology,True,True,2024-2026,complete,3,True,True,True,DB08901|d|9952,True,False,True,False,True,True
243,Maviret,glecaprevir/pibrentasvir,"DB13879,DB13878","66828839,58031952",2017,"HCV pediatric extension (EMA May 2026, TBD)",MONDO:0007256,D006528,DOID:684,EMA,Infectious,Infectious,True,True,2024-2026,complete,0,False,False,False,"DB13879,DB13878|d|684",False,True,False,False,False,False
244,Tremfya,guselkumab,DB11834,,2019,"Crohn's disease (moderate-severe, refractory)",MONDO:0005011,D003424,DOID:8778,PMDA,Immunology/GI,Immunology,True,True,2024-2026,missing_PubChem,3,True,True,True,DB11834|d|8778,False,False,True,True,True,True
245,Alecensa,alectinib,DB11363,49806720,2015,"ALK+ solid tumors (tissue-agnostic, world-first)",MONDO:0004198,D066066,DOID:7360,PMDA,Oncology,Oncology,True,True,2024-2026,complete,2,True,True,True,DB11363|d|7360,False,False,True,True,True,True
246,Lunsumio,mosunetuzumab,,,2022,R/R LBCL + FL (new dosage),MONDO:0968974,D016403,DOID:0081452,PMDA,Oncology,Oncology,True,True,2024-2026,missing_DrugBank|missing_PubChem,0,False,False,False,nan|d|81452,False,True,False,False,False,False
247,Effexor SR,venlafaxine,DB00285,5656,1994,Generalized anxiety disorder (first GAD drug in Japan),MONDO:0001942,D000098647,DOID:14320,PMDA,CNS/Psychiatry,CNS,True,True,2024-2026,complete,1,True,True,True,DB00285|d|14320,True,False,True,False,True,True
248,Eylea 8mg,aflibercept 8mg,DB08885,,2012,Retinal vein occlusion (new high-dose formulation),MONDO:0006951,D012170,DOID:1727,PMDA,Ophthalmology,Ophthalmology,True,True,2024-2026,missing_PubChem,3,True,True,True,DB08885|d|1727,True,False,True,False,True,True
249,Tezspire,tezepelumab,DB15090,,2021,CRSwNP (eosinophilic chronic rhinosinusitis with nasal polyps),MONDO:0006031,D012852,DOID:0110597,PMDA,Immunology/Respiratory,Immunology,True,True,2024-2026,missing_PubChem,3,True,True,True,DB15090|d|110597,False,False,True,True,True,True
250,Pemafibrate ER,pemafibrate,DB15212,11526038,2017,LDL-C elevation in statin-intolerant dyslipidemia,MONDO:0015905,D050171,DOID:3146,PMDA,Cardiovascular/Metabolic,Cardiovascular,True,True,2024-2026,complete,1,False,True,False,DB15212|d|3146,False,False,True,True,True,True
251,Ilaris,canakinumab,DB06168,,2009,Schnitzler syndrome (Japan),MONDO:0018304,D019873,DOID:4371,PMDA,Immunology/Rare,Immunology,True,True,2024-2026,missing_PubChem,3,True,True,True,DB06168|d|4371,False,False,True,True,True,True
252,Fibrinogen HT,fibrinogen,DB09222,,1996,Acquired hypofibrinogenemia in cardiovascular surgery,MONDO:0015096,,DOID:2219,PMDA,Hematology,Hematology,True,True,2024-2026,missing_PubChem|missing_MeSH,1,True,True,True,DB09222|d|2219,False,False,True,True,True,True
253,Rysefio,ruseogliflozin,,,2014,T2D pediatric dosage addition,MONDO:0005148,D003924,DOID:9352,PMDA,Metabolic,Metabolic,False,True,2024-2026,missing_DrugBank|missing_PubChem,0,False,False,False,nan|d|9352,False,True,False,False,False,False
