disease,mrr,hit1,conf,n,GPT,Gemini,Llama,frac_consistent,disease_name,drug,area,doid,n_kg,model_spread,doidn,orig,modality,year
COVID-19 updated strain,0.1430293501048218,0.0,1.0,53,0.14781746031746032,0.1292016806722689,0.15130070546737212,0.0,COVID-19 updated strain,mRNA-1273,Infectious,DOID:0080599,1.0,0.022099024795103228,80599,2020.0,Small mol,2023
Obstructive sleep apnea with obesity,0.14824368018812462,0.0,1.0,54,0.12896825396825395,0.13095238095238093,0.18481040564373893,0.0,Obstructive sleep apnea with obesity,tirzepatide,Metabolic,DOID:0050848,3.0,0.05584215167548498,50848,2022.0,Peptide,2023
First-line anemia in lower-risk MDS,0.1618268802848242,0.009345794392523364,1.0288461538461537,107,0.13569160997732427,0.13613315696649028,0.21292989417989416,0.0,First-line anemia in lower-risk MDS,luspatercept,Hematology,DOID:0050908,3.0,0.0772382842025699,50908,2019.0,Antibody,2023
CRSwNP (eosinophilic chronic rhinosinusitis with nasal polyps),0.17648996705600478,0.03773584905660377,1.0769230769230769,53,0.1316137566137566,0.14250700280112044,0.2534611992945326,0.0,CRSwNP (eosinophilic chronic rhinosinusitis with nasal polyps),tezepelumab,Immunology,DOID:0110597,3.0,0.12184744268077599,110597,2021.0,Antibody,2024-2026
HoFH in children,0.1804282719377059,0.03773584905660377,1.1020408163265305,53,0.24503968253968253,0.13197945845004666,0.16157407407407404,0.0,HoFH in children,evinacumab,Metabolic,DOID:0090105,1.0,0.11306022408963587,90105,2021.0,Antibody,2023
HoFH pediatric (EMA),0.1833774250440917,0.018518518518518517,1.0196078431372548,54,0.14933862433862433,0.21302910052910054,0.18776455026455025,0.0,HoFH pediatric (EMA),evinacumab,Metabolic,DOID:0090105,1.0,0.06369047619047621,90105,2021.0,Antibody,2023
Spinal muscular atrophy (pediatric expansion),0.18432914046121593,0.018867924528301886,1.1020408163265305,53,0.15702614379084967,0.22127425044091711,0.17317019400352732,0.03773584905660377,Spinal muscular atrophy (pediatric expansion),risdiplam,CNS,DOID:12377,1.0,0.06424810665006744,12377,2020.0,Small mol,2023
COVID-19 (expanded population),0.19247529200359384,0.0,1.4230769230769231,53,0.20879629629629626,0.1660364145658263,0.2011243386243386,0.1509433962264151,COVID-19 (expanded population),remdesivir,Infectious,DOID:0080599,1.0,0.04275988173046996,80599,2020.0,Small mol,2023
Heart failure (broadened),0.19640652557319224,0.0,1.5490196078431373,54,0.21000881834215168,0.1839285714285714,0.19528218694885358,0.18518518518518517,Heart failure (broadened),dapagliflozin,Cardiovascular,SYMP:0000292,3.0,0.02608024691358027,292,2014.0,Small mol,2023
Acquired hypofibrinogenemia in cardiovascular surgery,0.20466637272192828,0.037037037037037035,1.0384615384615385,54,0.18948412698412698,0.2175925925925926,0.20692239858906525,0.0,Acquired hypofibrinogenemia in cardiovascular surgery,fibrinogen,Hematology,DOID:2219,1.0,0.02810846560846561,2219,1996.0,Small mol,2024-2026
Delay T1D onset in children ≥1yr,0.21079664570230605,0.07547169811320754,1.1176470588235294,53,0.19246031746031741,0.24136321195144722,0.20026455026455026,0.0,Delay T1D onset in children ≥1yr,teplizumab-mzwv,Metabolic,DOID:9744,3.0,0.048902894491129806,9744,2022.0,Antibody,2024-2026
PKU expanded to ≥12yr,0.22536743092298647,0.07407407407407407,1.0192307692307692,54,0.14671516754850086,0.3165564373897707,0.21283068783068781,0.0,PKU expanded to ≥12yr,pegvaliase-pqpz,Metabolic,DOID:9281,3.0,0.16984126984126982,9281,2018.0,Small mol,2024-2026
Chronic hepatitis B (pediatric),0.23705173427395648,0.037037037037037035,1.411764705882353,54,0.1987654320987654,0.26728395061728394,0.24510582010582008,0.16666666666666666,Chronic hepatitis B (pediatric),tenofovir alafenamide,Infectious,DOID:2043,3.0,0.06851851851851853,2043,2016.0,Small mol,2023
Chorea associated with Huntington's disease,0.281305114638448,0.12962962962962962,1.6037735849056605,54,0.15681216931216926,0.42757936507936506,0.2595238095238095,0.1111111111111111,Chorea associated with Huntington's disease,valbenazine,CNS,DOID:12858,3.0,0.27076719576719577,12858,2017.0,Small mol,2023
COVID-19 in severe renal impairment/dialysis,0.29859641387419167,0.07407407407407407,1.9,54,0.2840167548500882,0.3819444444444444,0.22982804232804227,0.25925925925925924,COVID-19 in severe renal impairment/dialysis,remdesivir,Infectious,DOID:0080599,1.0,0.15211640211640215,80599,2020.0,Small mol,2023
dMMR recurrent/advanced endometrial cancer,0.3366475602586714,0.2037037037037037,1.9038461538461537,54,0.39087301587301587,0.43816137566137564,0.18090828924162258,0.18518518518518517,dMMR recurrent/advanced endometrial cancer,dostarlimab,Oncology,DOID:1380,2.0,0.2572530864197531,1380,2021.0,Antibody,2023
dMMR/MSI-H primary advanced endometrial cancer (+chemo),0.36090534979423866,0.24074074074074073,2.019230769230769,54,0.3127204585537919,0.47197971781305115,0.298015873015873,0.24074074074074073,dMMR/MSI-H primary advanced endometrial cancer (+chemo),dostarlimab,Oncology,DOID:1380,2.0,0.17396384479717814,1380,2021.0,Antibody,2023
dMMR/MSI-H primary advanced endometrial cancer,0.3716490299823633,0.24074074074074073,1.98,54,0.3819444444444444,0.38657407407407407,0.3464285714285714,0.2037037037037037,dMMR/MSI-H primary advanced endometrial cancer,dostarlimab,Oncology,DOID:1380,2.0,0.04014550264550265,1380,2021.0,Antibody,2023
HR+/HER2- breast cancer,0.3735699311171009,0.16981132075471697,2.1153846153846154,53,0.3724426807760141,0.5402661064425771,0.21726190476190477,0.22641509433962265,HR+/HER2- breast cancer,sacituzumab govitecan,Oncology,DOID:1612,2.0,0.32300420168067234,1612,2020.0,Antibody,2023
High LDL-C with increased CV risk (expanded),0.4115814226925338,0.3148148148148148,2.2830188679245285,54,0.4327380952380952,0.41964285714285715,0.382363315696649,0.3148148148148148,High LDL-C with increased CV risk (expanded),inclisiran,Cardiovascular,DOID:13810,1.0,0.0503747795414462,13810,2021.0,Small mol,2023
Ph+ CML-CP after 2+ TKIs,0.42048517520215634,0.32075471698113206,2.2830188679245285,53,0.42294973544973546,0.3855042016806723,0.45105820105820105,0.32075471698113206,Ph+ CML-CP after 2+ TKIs,asciminib,Oncology,DOID:0081088,2.0,0.06555399937752876,81088,2012.0,Small mol,2023
HR+/HER2-low breast cancer,0.4245517342739565,0.2037037037037037,2.411764705882353,54,0.364021164021164,0.6052469135802468,0.3043871252204585,0.42592592592592593,HR+/HER2-low breast cancer,trastuzumab deruxtecan,Oncology,DOID:1612,2.0,0.3008597883597883,1612,2020.0,Antibody,2023
Retinal vein occlusion,0.4368606701940035,0.3425925925925926,2.324074074074074,108,0.42162698412698413,0.4312169312169312,0.4577380952380952,0.3333333333333333,Retinal vein occlusion,faricimab,Ophthalmology,DOID:1727,2.0,0.036111111111111094,1727,2022.0,Antibody,2023
LDL-C elevation in statin-intolerant dyslipidemia,0.4454627133872417,0.33962264150943394,2.3137254901960786,53,0.4176587301587301,0.396078431372549,0.5199074074074074,0.32075471698113206,LDL-C elevation in statin-intolerant dyslipidemia,pemafibrate,Cardiovascular,DOID:3146,1.0,0.12382897603485837,3146,2017.0,Small mol,2024-2026
Follicular lymphoma,0.45042621987066433,0.35185185185185186,2.3207547169811322,54,0.4218253968253968,0.4314373897707231,0.49801587301587297,0.3148148148148148,Follicular lymphoma,tafasitamab,Oncology,DOID:0050873,3.0,0.07619047619047614,50873,2019.0,Small mol,2023
Ph+ CML-CP frontline (EMA Feb 2026),0.4567385444743935,0.3584905660377358,2.3773584905660377,53,0.45294117647058824,0.4384920634920635,0.47857142857142854,0.33962264150943394,Ph+ CML-CP frontline (EMA Feb 2026),asciminib,Oncology,DOID:0081088,2.0,0.04007936507936505,81088,2012.0,Small mol,2023
Diabetic retinopathy/DME (EMA Mar+May 2026),0.4659318048206937,0.37037037037037035,2.411764705882353,54,0.41997354497354494,0.423831569664903,0.5539902998236331,0.3333333333333333,Diabetic retinopathy/DME (EMA Mar+May 2026),faricimab,Ophthalmology,DOID:8947,1.0,0.13401675485008818,8947,2022.0,Antibody,2024-2026
Nephrotic syndrome,0.4659611992945326,0.25925925925925924,2.1296296296296298,54,0.4366402116402116,0.5962962962962962,0.3649470899470899,0.16666666666666666,Nephrotic syndrome,rituximab,Nephrology,DOID:1184,3.0,0.2313492063492063,1184,2001.0,Antibody,2024-2026
HER2+ solid tumors (tumor-agnostic),0.4884112286890065,0.2222222222222222,2.4150943396226414,54,0.40154320987654324,0.6111111111111112,0.452579365079365,0.4074074074074074,HER2+ solid tumors (tumor-agnostic),trastuzumab deruxtecan,Oncology,DOID:7360,2.0,0.20956790123456792,7360,2014.0,Antibody,2023
Acute HCV pediatric,0.5176510989010988,0.25,2.156862745098039,52,0.47870370370370374,0.6270833333333333,0.4593253968253968,0.25,Acute HCV pediatric,glecaprevir/pibrentasvir,Infectious,DOID:684,3.0,0.16775793650793652,684,2017.0,Small mol,2024-2026
HER2+ early-stage BC (neoadjuvant + adjuvant),0.529049088771311,0.2962962962962963,2.4615384615384617,54,0.45445326278659615,0.654320987654321,0.4783730158730159,0.4074074074074074,HER2+ early-stage BC (neoadjuvant + adjuvant),trastuzumab deruxtecan,Oncology,DOID:1612,2.0,0.19986772486772486,1612,2020.0,Antibody,2023
Generalized myasthenia gravis,0.5384259259259259,0.3888888888888889,2.611111111111111,54,0.5972222222222222,0.625,0.39305555555555555,0.37037037037037035,Generalized myasthenia gravis,inebilizumab,Immunology,DOID:437,3.0,0.23194444444444445,437,2007.0,Antibody,2023
COPD (EMA 2025),0.569047619047619,0.32075471698113206,2.943396226415094,53,0.7379629629629629,0.4872549019607843,0.4773809523809523,0.49056603773584906,COPD (EMA 2025),dupilumab,Immunology,DOID:3083,3.0,0.26058201058201064,3083,2017.0,Antibody,2024-2026
1L biliary tract cancer (+gemcitabine+cisplatin),0.572843665768194,0.3584905660377358,2.830188679245283,53,0.5634920634920635,0.8088235294117647,0.3593253968253968,0.22641509433962265,1L biliary tract cancer (+gemcitabine+cisplatin),pembrolizumab,Oncology,DOID:4607,3.0,0.4494981325863679,4607,2014.0,Antibody,2023
COPD,0.5778301886792453,0.3584905660377358,2.7547169811320753,53,0.5828703703703704,0.653921568627451,0.5009259259259259,0.41509433962264153,COPD,dupilumab,Immunology,DOID:3083,3.0,0.1529956427015251,3083,2017.0,Antibody,2024-2026
Cerebral folate transport deficiency,0.5835879005690326,0.39622641509433965,1.9423076923076923,53,0.5958994708994709,0.673202614379085,0.48664021164021165,0.18867924528301888,Cerebral folate transport deficiency,leucovorin calcium,CNS,DOID:0050719,1.0,0.18656240273887337,50719,1983.0,Small mol,2024-2026
HER2-mutant NSCLC (EMA),0.5973691945914168,0.46296296296296297,2.0576923076923075,54,0.4212742504409171,0.8981481481481483,0.47268518518518515,0.2222222222222222,HER2-mutant NSCLC (EMA),trastuzumab deruxtecan,Oncology,DOID:3908,3.0,0.47687389770723115,3908,2014.0,Antibody,2023
HER2-mutant NSCLC (PMDA),0.6199514991181658,0.4444444444444444,2.074074074074074,54,0.5574074074074074,0.8611111111111112,0.4413359788359788,0.25925925925925924,HER2-mutant NSCLC (PMDA),trastuzumab deruxtecan,Oncology,DOID:3908,3.0,0.41977513227513236,3908,2014.0,Antibody,2023
Indolent systemic mastocytosis,0.6368312757201645,0.5555555555555556,3.5,54,0.6051587301587301,0.6878306878306878,0.6175044091710759,0.6296296296296297,Indolent systemic mastocytosis,avapritinib,Hematology,DOID:349,2.0,0.08267195767195767,349,2020.0,Small mol,2023
Biliary tract cancer,0.6388007054673721,0.46296296296296297,3.2222222222222223,54,0.6453703703703704,0.7037037037037037,0.5673280423280423,0.5,Biliary tract cancer,pembrolizumab,Oncology,DOID:4607,3.0,0.13637566137566137,4607,2014.0,Antibody,2023
Pediatric glioma (EMA),0.6679526748971193,0.5370370370370371,3.4150943396226414,54,0.6939814814814815,0.6861111111111111,0.6237654320987654,0.6666666666666666,Pediatric glioma (EMA),dabrafenib,Oncology,DOID:3774,3.0,0.07021604938271608,3774,2014.0,Small mol,2023
ILD-associated pulmonary hypertension,0.6732216343327454,0.5185185185185185,3.1153846153846154,54,0.6870370370370371,0.7657407407407407,0.5668871252204586,0.46296296296296297,ILD-associated pulmonary hypertension,treprostinil,Cardiovascular,DOID:6432,3.0,0.19885361552028213,6432,2013.0,Small mol,2023
RET-fusion NSCLC (expanded),0.680518812463257,0.6111111111111112,3.576923076923077,54,0.7106481481481481,0.7638888888888888,0.5670194003527337,0.6296296296296297,RET-fusion NSCLC (expanded),selpercatinib,Oncology,DOID:3908,3.0,0.19686948853615516,3908,2014.0,Antibody,2023
Indolent systemic mastocytosis (EMA),0.6834803057025278,0.6296296296296297,3.480769230769231,54,0.6622574955908289,0.7175925925925926,0.6705908289241622,0.6111111111111112,Indolent systemic mastocytosis (EMA),avapritinib,Hematology,DOID:349,2.0,0.055335097001763645,349,2020.0,Small mol,2023
IgG4-related disease,0.6888227513227513,0.6296296296296297,3.2222222222222223,54,0.6815476190476191,0.7093253968253967,0.675595238095238,0.5,IgG4-related disease,inebilizumab,Immunology,DOID:0080356,1.0,0.03373015873015872,80356,2020.0,Antibody,2024-2026
Acquired hypothalamic obesity,0.6895870076425632,0.6296296296296297,3.5384615384615383,54,0.6639109347442681,0.7199074074074074,0.6849426807760142,0.6296296296296297,Acquired hypothalamic obesity,setmelanotide,Metabolic,DOID:6676,2.0,0.05599647266313934,6676,2020.0,Peptide,2024-2026
Metastatic colorectal cancer,0.7019459706959706,0.5576923076923077,3.3461538461538463,52,0.6903439153439153,0.7572916666666667,0.6643518518518519,0.6730769230769231,Metastatic colorectal cancer,trifluridine/tipiracil+bevacizumab,Oncology,DOID:0080199,3.0,0.09293981481481484,80199,2020.0,Small mol,2023
HR+/HER2- metastatic breast cancer,0.7113315696649031,0.6388888888888888,3.419047619047619,108,0.7713293650793651,0.7671957671957672,0.5954695767195767,0.5925925925925926,HR+/HER2- metastatic breast cancer,sacituzumab govitecan / talazoparib,Oncology,DOID:1612,2.0,0.17585978835978844,1612,2020.0,Antibody,2023
MASH with fibrosis,0.7139844209288654,0.5925925925925926,3.5576923076923075,54,0.582010582010582,1.0,0.5599426807760142,0.5555555555555556,MASH with fibrosis,semaglutide,Metabolic,DOID:0080547,1.0,0.44005731922398583,80547,2021.0,Peptide,2024-2026
Advanced RCC after PD-1/PD-L1 + VEGF-TKI,0.7222446840371368,0.5849056603773585,3.576923076923077,53,0.7152777777777778,0.8725490196078431,0.587257495590829,0.5660377358490566,Advanced RCC after PD-1/PD-L1 + VEGF-TKI,belzutifan,Oncology,DOID:4450,3.0,0.2852915240170142,4450,2021.0,Small mol,2023
Chronic kidney disease,0.7298353909465021,0.6111111111111112,3.207547169811321,54,0.674537037037037,0.8611111111111112,0.653858024691358,0.5370370370370371,Chronic kidney disease,empagliflozin,Cardiovascular,DOID:784,3.0,0.20725308641975315,784,2014.0,Small mol,2023
Agitation associated with Alzheimer's dementia,0.7311229787865302,0.5794392523364486,3.673076923076923,107,0.6942791005291006,0.8571428571428571,0.6454475308641975,0.6728971962616822,Agitation associated with Alzheimer's dementia,brexpiprazole / dextromethorphan+bupropion,CNS,DOID:10652,3.0,0.2116953262786596,10652,2015.0,Small mol,2023
Urothelial carcinoma (expanded population),0.7326145552560647,0.6415094339622641,3.509433962264151,53,0.8597883597883598,1.0,0.3529100529100529,0.5849056603773585,Urothelial carcinoma (expanded population),enfortumab vedotin,Oncology,DOID:4006,3.0,0.6470899470899472,4006,2014.0,Antibody,2023
Polycythaemia vera and essential thrombocytopenia,0.7334068195179306,0.6111111111111112,3.2830188679245285,54,0.7240740740740741,0.8240740740740741,0.6520723104056437,0.6481481481481481,Polycythaemia vera and essential thrombocytopenia,peginterferon alfa-2a,Hematology,DOID:8997,3.0,0.17200176366843034,8997,2002.0,Small mol,2024-2026
Neoadj+adj HNSCC,0.7470275531596285,0.6415094339622641,3.7058823529411766,53,0.8487654320987654,0.8431372549019608,0.5545194003527336,0.4528301886792453,Neoadj+adj HNSCC,pembrolizumab,Oncology,DOID:5520,2.0,0.2942460317460318,5520,2014.0,Antibody,2024-2026
Invasive fungal infections pediatric ≥2yr,0.7506907701352146,0.6296296296296297,2.849056603773585,54,0.6255291005291005,0.9722222222222222,0.6543209876543209,0.5555555555555556,Invasive fungal infections pediatric ≥2yr,posaconazole,Infectious,DOID:0050073,3.0,0.3466931216931217,50073,2015.0,Small mol,2023
Measles prophylaxis post-exposure,0.7527777777777778,0.5925925925925926,2.8518518518518516,54,0.7407407407407408,0.8055555555555556,0.712037037037037,0.5,Measles prophylaxis post-exposure,immune globulin IV,Infectious,DOID:8622,3.0,0.09351851851851856,8622,2008.0,Small mol,2024-2026
TRD monotherapy,0.7585905349794239,0.5925925925925926,4.078431372549019,54,0.6697530864197531,0.9166666666666666,0.6893518518518519,0.8148148148148148,TRD monotherapy,esketamine,CNS,DOID:1470,2.0,0.24691358024691357,1470,2019.0,Small mol,2024-2026
Pediatric BRAF V600E low-grade glioma,0.7876028806584363,0.7037037037037037,3.75,54,0.7677469135802469,0.8138888888888889,0.7811728395061728,0.6851851851851852,Pediatric BRAF V600E low-grade glioma,dabrafenib+trametinib,Oncology,DOID:0060101,1.0,0.04614197530864195,60101,2014.0,Small mol,2023
HR+/HER2- node-positive high-risk early breast cancer,0.8009994121105232,0.6851851851851852,4.42,54,0.7764550264550265,0.9166666666666666,0.7098765432098766,0.8333333333333334,HR+/HER2- node-positive high-risk early breast cancer,abemaciclib,Oncology,DOID:1612,2.0,0.20679012345679004,1612,2020.0,Antibody,2023
EGPA,0.8042452830188679,0.6792452830188679,3.4423076923076925,53,0.9629629629629629,0.5980392156862745,0.8402777777777778,0.7169811320754716,EGPA,omalizumab,Immunology,DOID:3049,3.0,0.3649237472766884,3049,2017.0,Antibody,2024-2026
Pediatric atopic dermatitis,0.819257262653489,0.7358490566037735,4.098039215686274,53,0.9166666666666666,1.0,0.5511463844797179,0.7358490566037735,Pediatric atopic dermatitis,upadacitinib,Immunology,DOID:0110098,2.0,0.44885361552028213,110098,2021.0,Antibody,2023
Pheochromocytoma/paraganglioma,0.8196208112874779,0.7222222222222222,3.759259259259259,54,0.8287037037037037,0.9027777777777778,0.7273809523809524,0.7407407407407407,Pheochromocytoma/paraganglioma,belzutifan,Oncology,DOID:0050771,3.0,0.17539682539682544,50771,2021.0,Small mol,2024-2026
Resectable gastric/GEJ adenocarcinoma (neoadj+adj +FLOT),0.8236625514403292,0.7037037037037037,4.264150943396227,54,0.8302469135802469,0.8888888888888888,0.7518518518518519,0.8703703703703703,Resectable gastric/GEJ adenocarcinoma (neoadj+adj +FLOT),durvalumab,Oncology,DOID:3717,3.0,0.13703703703703696,3717,2014.0,Antibody,2023
IV formulation for rheumatic diseases (EMA),0.8280349794238683,0.7407407407407407,4.411764705882353,54,0.8796296296296297,0.8444444444444444,0.7600308641975309,0.8148148148148148,IV formulation for rheumatic diseases (EMA),secukinumab,Immunology,DOID:1575,3.0,0.1195987654320988,1575,2015.0,Antibody,2023
Atopic dermatitis,0.8327568134171908,0.7735849056603774,4.134615384615385,53,0.9537037037037037,0.9477124183006536,0.6032407407407407,0.7735849056603774,Atopic dermatitis,baricitinib,Immunology,DOID:0110098,2.0,0.350462962962963,110098,2021.0,Antibody,2023
Giant cell arteritis,0.8328189300411523,0.7222222222222222,4.038461538461538,54,0.8580246913580247,0.8672839506172839,0.7731481481481481,0.8333333333333334,Giant cell arteritis,upadacitinib,Immunology,DOID:13375,3.0,0.09413580246913578,13375,2019.0,Small mol,2024-2026
CKD in T2D,0.8388374485596708,0.7592592592592593,4.153846153846154,54,0.7893518518518519,0.9722222222222222,0.7549382716049382,0.6296296296296297,CKD in T2D,semaglutide,Metabolic,DOID:784,3.0,0.217283950617284,784,2014.0,Small mol,2023
Gastric/GEJ adenocarcinoma,0.8390946502057613,0.7407407407407407,4.176470588235294,54,0.8333333333333334,0.9166666666666666,0.7672839506172839,0.7592592592592593,Gastric/GEJ adenocarcinoma,durvalumab,Oncology,DOID:3717,3.0,0.1493827160493827,3717,2014.0,Antibody,2023
Unresectable thymic carcinoma (PMDA),0.842798353909465,0.7592592592592593,3.056603773584906,54,0.875,0.9027777777777778,0.7506172839506173,0.3333333333333333,Unresectable thymic carcinoma (PMDA),lenvatinib,Oncology,DOID:3284,3.0,0.15216049382716046,3284,2015.0,Small mol,2023
"Pediatric low-grade glioma (+dabrafenib, BRAF V600E)",0.845125786163522,0.7924528301886793,3.792452830188679,53,0.9027777777777778,1.0,0.6412037037037037,0.7169811320754716,"Pediatric low-grade glioma (+dabrafenib, BRAF V600E)",selumetinib,Oncology,DOID:0060101,1.0,0.3587962962962963,60101,2014.0,Small mol,2023
mHSPC + ADT,0.8511530398322852,0.7547169811320755,3.8823529411764706,53,0.79320987654321,0.9411764705882353,0.8240740740740741,0.6792452830188679,mHSPC + ADT,darolutamide,Oncology,DOID:10283,3.0,0.14796659404502532,10283,2014.0,Small mol,2023
Reduce MACE in CVD + obesity/overweight,0.8529835390946502,0.7962962962962963,4.346938775510204,54,0.8950617283950617,0.9722222222222222,0.6916666666666667,0.7592592592592593,Reduce MACE in CVD + obesity/overweight,semaglutide,Cardiovascular,DOID:1287,3.0,0.28055555555555556,1287,2009.0,Small mol,2023
Chronic thromboembolic pulmonary hypertension,0.8565549676660787,0.7962962962962963,4.0754716981132075,54,0.9236111111111112,1.0,0.6460537918871252,0.7777777777777778,Chronic thromboembolic pulmonary hypertension,edoxaban tosilate,Cardiovascular,DOID:6432,3.0,0.3539462081128748,6432,2013.0,Small mol,2023
Polymyalgia rheumatica,0.8624962563641809,0.7924528301886793,4.153846153846154,53,0.7260802469135803,0.9411764705882353,0.9246031746031745,0.8867924528301887,Polymyalgia rheumatica,sarilumab,Immunology,DOID:853,3.0,0.21509622367465497,853,2017.0,Antibody,2023
HR+/HER2- early breast cancer (adjuvant),0.8652263374485597,0.7592592592592593,4.686274509803922,54,0.9166666666666666,0.8888888888888888,0.7901234567901234,0.8703703703703703,HR+/HER2- early breast cancer (adjuvant),ribociclib,Oncology,DOID:1612,2.0,0.12654320987654322,1612,2020.0,Antibody,2023
Antibody-mediated rejection in organ transplantation,0.8654320987654321,0.7777777777777778,4.30188679245283,54,0.8999999999999999,0.925925925925926,0.7703703703703704,0.8518518518518519,Antibody-mediated rejection in organ transplantation,rituximab,Immunology,MONDO:1010185,,0.15555555555555567,1010185,,,
Gastric/GEJ adenocarcinoma (1L +chemo),0.8801440329218108,0.8333333333333334,4.339622641509434,54,0.8564814814814814,1.0,0.7839506172839505,0.8703703703703703,Gastric/GEJ adenocarcinoma (1L +chemo),durvalumab,Oncology,DOID:3717,3.0,0.21604938271604945,3717,2014.0,Antibody,2023
GVHD + pediatric,0.8894230769230769,0.8461538461538461,4.387755102040816,52,0.9228395061728395,1.0,0.7577160493827161,0.8269230769230769,GVHD + pediatric,ruxolitinib,Immunology,DOID:0081267,3.0,0.24228395061728392,81267,2014.0,Small mol,2024-2026
Biliary tract cancer 1L,0.8941358024691358,0.8148148148148148,3.7777777777777777,54,0.8305555555555555,1.0,0.8518518518518519,0.5,Biliary tract cancer 1L,durvalumab,Oncology,DOID:4607,3.0,0.1694444444444445,4607,2014.0,Antibody,2023
BRAF+ thyroid cancer,0.9113694219826296,0.8584905660377359,4.4423076923076925,106,0.9583333333333334,0.9223856209150326,0.8540013227513228,0.9056603773584906,BRAF+ thyroid cancer,binimetinib / encorafenib,Oncology,DOID:1781,3.0,0.10433201058201058,1781,2018.0,Small mol,2024-2026
Platinum-resistant ovarian carcinoma (PD-L1+ CPS≥1),0.9115004492362984,0.8867924528301887,4.68,53,0.8258377425044092,1.0,0.9084967320261438,0.9056603773584906,Platinum-resistant ovarian carcinoma (PD-L1+ CPS≥1),pembrolizumab,Oncology,DOID:4001,3.0,0.17416225749559078,4001,2014.0,Antibody,2024-2026
Juvenile idiopathic arthritis (EMA Feb 2026),0.9135802469135803,0.8703703703703703,4.7254901960784315,54,0.9722222222222222,0.9444444444444444,0.8240740740740741,0.9444444444444444,Juvenile idiopathic arthritis (EMA Feb 2026),baricitinib,Immunology,DOID:676,3.0,0.14814814814814814,676,2017.0,Small mol,2024-2026
Primary immunodeficiency pediatric (EMA),0.9156378600823045,0.8518518518518519,4.283018867924528,54,0.9722222222222222,0.8518518518518519,0.9228395061728395,0.9629629629629629,Primary immunodeficiency pediatric (EMA),immune globulin subcutaneous,Immunology,DOID:0111941,3.0,0.12037037037037035,111941,2014.0,Small mol,2023
Psoriasis in children 6-11 (cream),0.9156378600823045,0.8518518518518519,4.4423076923076925,54,0.8950617283950617,0.9444444444444444,0.9074074074074073,0.7592592592592593,Psoriasis in children 6-11 (cream),roflumilast,Immunology,DOID:8893,3.0,0.04938271604938271,8893,2011.0,Small mol,2023
Follicular lymphoma (+obinutuzumab),0.9156933213536987,0.8867924528301887,3.823529411764706,53,0.9506172839506173,1.0,0.8011463844797179,0.660377358490566,Follicular lymphoma (+obinutuzumab),zanubrutinib,Oncology,DOID:0050873,3.0,0.19885361552028213,50873,2019.0,Small mol,2023
EGPA (expanded),0.9158142269253381,0.8703703703703703,4.490566037735849,54,1.0,0.9444444444444444,0.8029982363315696,0.9444444444444444,EGPA (expanded),benralizumab,Immunology,DOID:3049,3.0,0.19700176366843036,3049,2017.0,Antibody,2024-2026
Hidradenitis suppurativa,0.9202674897119342,0.8703703703703703,4.490566037735849,54,0.9444444444444444,0.8858024691358025,0.9305555555555556,0.9074074074074074,Hidradenitis suppurativa,secukinumab,Immunology,DOID:2280,3.0,0.0586419753086419,2280,2015.0,Antibody,2023
Primary mediastinal large B-cell lymphoma,0.9326866549088771,0.9074074074074074,4.6923076923076925,54,1.0,0.9228395061728395,0.8752204585537918,0.9259259259259259,Primary mediastinal large B-cell lymphoma,pembrolizumab,Oncology,DOID:0080210,3.0,0.12477954144620818,80210,2016.0,Antibody,2023
Oral tablet formulation for weight management,0.939917695473251,0.9259259259259259,4.75,54,1.0,1.0,0.8197530864197531,0.9259259259259259,Oral tablet formulation for weight management,semaglutide,Metabolic,DOID:9970,3.0,0.18024691358024691,9970,2021.0,Peptide,2024-2026
IDH1-mutated relapsed/refractory MDS,0.940251572327044,0.9245283018867925,4.86,53,1.0,1.0,0.8240740740740741,0.9245283018867925,IDH1-mutated relapsed/refractory MDS,ivosidenib,Oncology,DOID:0050908,3.0,0.17592592592592593,50908,2019.0,Antibody,2023
Ulcerative colitis,0.9412808641975309,0.9166666666666666,4.752380952380952,108,0.9753086419753088,0.9722222222222222,0.8763117283950617,0.9259259259259259,Ulcerative colitis,guselkumab / risankizumab,Immunology,DOID:8577,3.0,0.09899691358024709,8577,2014.0,Antibody,2023
KRAS G12C+ mCRC,0.9416152263374485,0.9259259259259259,4.730769230769231,54,1.0,0.9506172839506173,0.8742283950617283,0.9074074074074074,KRAS G12C+ mCRC,sotorasib+panitumumab,Oncology,DOID:0080199,3.0,0.12577160493827166,80199,2020.0,Small mol,2023
Allergic fungal rhinosinusitis (AFRS) ≥6yr,0.9465020576131687,0.9074074074074074,4.5576923076923075,54,1.0,0.8888888888888888,0.9506172839506173,0.9259259259259259,Allergic fungal rhinosinusitis (AFRS) ≥6yr,dupilumab,Immunology,DOID:13565,3.0,0.11111111111111116,13565,2017.0,Antibody,2024-2026
RAS wild-type HER2+ metastatic colorectal cancer,0.9481481481481482,0.9074074074074074,4.444444444444445,54,0.8999999999999999,0.9444444444444444,1.0,0.9814814814814815,RAS wild-type HER2+ metastatic colorectal cancer,tucatinib,Oncology,DOID:0080199,3.0,0.10000000000000009,80199,2020.0,Small mol,2023
"mCRC BRAF V600E (traditional approval, was accelerated)",0.9506172839506173,0.9444444444444444,5.0,54,0.9506172839506173,1.0,0.9012345679012346,0.9444444444444444,"mCRC BRAF V600E (traditional approval, was accelerated)",encorafenib,Oncology,DOID:0080199,3.0,0.09876543209876543,80199,2020.0,Small mol,2023
BRAF V600E metastatic NSCLC,0.9514623750734862,0.9444444444444444,4.849056603773585,54,1.0,1.0,0.8543871252204585,0.9444444444444444,BRAF V600E metastatic NSCLC,encorafenib+binimetinib,Oncology,DOID:3908,3.0,0.14561287477954155,3908,2014.0,Antibody,2023
Crohn's disease,0.9560185185185185,0.9259259259259259,4.626168224299065,108,0.9722222222222222,0.9791666666666666,0.9166666666666666,0.9537037037037037,Crohn's disease,guselkumab / upadacitinib,Immunology,DOID:8778,3.0,0.0625,8778,2019.0,Small mol,2023
Pancreatic NET,0.9570230607966457,0.9433962264150944,4.450980392156863,53,1.0,1.0,0.8734567901234568,0.9433962264150944,Pancreatic NET,cabozantinib,Oncology,DOID:0112306,3.0,0.12654320987654322,112306,2016.0,Small mol,2024-2026
Retinopathy of prematurity,0.9603909465020577,0.9444444444444444,4.60377358490566,54,1.0,0.9506172839506173,0.9305555555555556,0.9629629629629629,Retinopathy of prematurity,aflibercept,Ophthalmology,DOID:13025,3.0,0.06944444444444442,13025,2011.0,Antibody,2023
Palmoplantar pustulosis (PMDA),0.9652777777777778,0.9444444444444444,4.592592592592593,54,1.0,1.0,0.8958333333333334,0.9444444444444444,Palmoplantar pustulosis (PMDA),guselkumab,Immunology,DOID:4398,1.0,0.10416666666666663,4398,2019.0,Antibody,2023
Heterozygous familial hypercholesterolemia,0.9652777777777778,0.9444444444444444,4.888888888888889,54,0.9722222222222222,1.0,0.9236111111111112,0.9444444444444444,Heterozygous familial hypercholesterolemia,alirocumab,Cardiovascular,DOID:13810,1.0,0.07638888888888884,13810,2021.0,Small mol,2023
MSI-H/dMMR solid tumors (full approval conversion),0.9658119658119658,0.9615384615384616,4.72,52,1.0,1.0,0.9012345679012346,0.9230769230769231,MSI-H/dMMR solid tumors (full approval conversion),pembrolizumab,Oncology,DOID:7360,2.0,0.09876543209876543,7360,2014.0,Antibody,2023
Chronic lymphocytic leukemia,0.9669811320754716,0.9433962264150944,4.098039215686274,53,1.0,0.9411764705882353,0.9583333333333334,0.7358490566037735,Chronic lymphocytic leukemia,zanubrutinib,Oncology,DOID:1040,3.0,0.05882352941176472,1040,2019.0,Small mol,2023
IgE-mediated food allergy,0.9670781893004116,0.9629629629629629,4.884615384615385,54,1.0,1.0,0.9012345679012346,0.9629629629629629,IgE-mediated food allergy,omalizumab,Immunology,DOID:3044,2.0,0.09876543209876543,3044,2003.0,Antibody,2024-2026
"Crohn's disease (moderate-severe, refractory)",0.9745370370370371,0.9629629629629629,4.814814814814815,54,1.0,0.9722222222222222,0.9513888888888888,1.0,"Crohn's disease (moderate-severe, refractory)",guselkumab,Immunology,DOID:8778,3.0,0.04861111111111116,8778,2019.0,Small mol,2023
"ALK+ solid tumors (tissue-agnostic, world-first)",0.9837962962962963,0.9814814814814815,4.925925925925926,54,1.0,1.0,0.9513888888888888,0.9814814814814815,"ALK+ solid tumors (tissue-agnostic, world-first)",alectinib,Oncology,DOID:7360,2.0,0.04861111111111116,7360,2014.0,Antibody,2023
Schnitzler syndrome (Japan),0.9841269841269842,0.9814814814814815,4.666666666666667,54,1.0,1.0,0.9523809523809523,0.9629629629629629,Schnitzler syndrome (Japan),canakinumab,Immunology,DOID:4371,3.0,0.04761904761904767,4371,2009.0,Antibody,2024-2026
Primary humoral immunodeficiency pediatric 2-11yr,0.9907407407407407,0.9814814814814815,4.5,54,1.0,1.0,0.9722222222222222,1.0,Primary humoral immunodeficiency pediatric 2-11yr,immune globulin IV (human-slra),Immunology,DOID:0111941,3.0,0.02777777777777779,111941,2014.0,Small mol,2023
